window_id,window_label,stock_code,company_name,cb_code,issue_date,factor_as_of_date,buy_date,buy_price,sell_date,sell_price,return_pct,momentum_20d,momentum_60d,ma5_gt_ma10_gt_ma20,volume_ratio_5v20,top1_foreign_net_20d_pct_capital,top1_trust_net_20d_pct_capital,revenue_yoy,eps,contract_liability_growth
t_plus_20_to_t_plus_210,T+20 買進，T+210 出場,6532,瑞耘科技股份有限公司,65321,2020-03-18,2020-04-16,2020-04-17,30.9056,2021-01-19,48.6771,57.5023,22.1169,7.9609,True,0.8717,,,0.4485,,
t_plus_20_to_t_plus_210,T+20 買進，T+210 出場,4555,台灣氣立股份有限公司,45552,2020-04-28,2020-05-26,2020-05-27,48.0153,2021-03-09,54.5679,13.6469,-6.3158,11.0187,False,1.0462,,,0.3159,,
t_plus_20_to_t_plus_210,T+20 買進，T+210 出場,2492,華新科技股份有限公司,24921,2020-04-29,2020-05-27,2020-05-28,158.9778,2021-03-10,203.0193,27.703,-10.5386,-10.3286,False,0.7543,,,-0.0394,,
t_plus_20_to_t_plus_210,T+20 買進，T+210 出場,6150,撼訊科技股份有限公司,61504,2020-04-29,2020-05-27,2020-05-28,41.9636,2021-03-10,102.3913,144.0,16.1483,-17.7119,False,0.2896,,,-0.08960000000000001,,
t_minus_15_to_t_plus_9,T-15 買進，T+9 出場,4919,新唐科技股份有限公司,49191,2020-05-20,2020-04-27,2020-04-28,31.2594,2020-06-02,31.9689,2.2697,19.9675,-19.4111,True,0.6232,,,-0.0339,,
t_plus_20_to_t_plus_210,T+20 買進，T+210 出場,4919,新唐科技股份有限公司,49191,2020-05-20,2020-06-16,2020-06-17,32.0106,2021-03-30,45.7838,43.027,7.6056,40.4412,False,0.6407,,,0.16190000000000002,,
t_minus_15_to_t_plus_9,T-15 買進，T+9 出場,6274,台燿科技股份有限公司,62743,2020-05-22,2020-04-29,2020-04-30,103.5527,2020-06-04,111.368,7.5472,13.7546,5.6614,False,0.4263,,,0.2439,,
t_plus_20_to_t_plus_210,T+20 買進，T+210 出場,6274,台燿科技股份有限公司,62743,2020-05-22,2020-06-18,2020-06-19,115.6665,2021-04-01,93.0021,-19.5946,7.6923,45.0592,True,1.1586,,,0.1558,,
t_minus_15_to_t_plus_9,T-15 買進，T+9 出場,4167,展旺生命科技股份有限公司,41672,2020-05-25,2020-04-30,2020-05-04,22.0966,2020-06-05,26.7629,21.118,16.1905,18.4466,True,1.2558,,,0.154,,
t_plus_20_to_t_plus_210,T+20 買進，T+210 出場,4167,展旺生命科技股份有限公司,41672,2020-05-25,2020-06-19,2020-06-22,39.3438,2021-04-07,26.9002,-31.6279,57.8154,122.2811,True,1.9032,,,0.6142,,
t_minus_15_to_t_plus_9,T-15 買進，T+9 出場,6589,台康生技股份有限公司,65891,2020-05-29,2020-05-07,2020-05-08,48.7269,2020-06-11,53.866,10.5469,79.698,86.6095,True,1.6486,,,1.4308,,
t_plus_20_to_t_plus_210,T+20 買進，T+210 出場,6589,台康生技股份有限公司,65891,2020-05-29,2020-06-29,2020-06-30,57.3873,2021-04-13,148.0,157.8968,5.8925,119.6501,True,1.0741,,,2.5273,,
t_minus_15_to_t_plus_9,T-15 買進，T+9 出場,6208,日揚科技股份有限公司,62083,2020-05-29,2020-05-07,2020-05-08,25.3194,2020-06-11,28.9932,14.5098,1.6771,2.7867,False,1.3661,,,-0.0334,,
t_plus_20_to_t_plus_210,T+20 買進，T+210 出場,6208,日揚科技股份有限公司,62083,2020-05-29,2020-06-29,2020-06-30,30.0854,2021-04-13,45.3322,50.6784,17.3152,33.6911,False,1.0672,,,-0.1177,,
t_minus_15_to_t_plus_9,T-15 買進，T+9 出場,6189,豐藝電子股份有限公司,61893,2020-06-08,2020-05-15,2020-05-18,17.7451,2020-06-19,17.982,1.3353,3.6923,-1.462,True,0.9549,,,0.3732,,
t_plus_20_to_t_plus_210,T+20 買進，T+210 出場,6189,豐藝電子股份有限公司,61893,2020-06-08,2020-07-07,2020-07-08,18.5613,2021-04-21,23.1732,24.8473,1.2931,14.4481,True,1.1316,,,-0.052300000000000006,,
t_minus_15_to_t_plus_9,T-15 買進，T+9 出場,2731,雄獅旅行社股份有限公司,27311,2020-06-30,2020-06-04,2020-06-05,64.2829,2020-07-13,60.1917,-6.3644,14.8202,14.9856,True,0.8699,,,-0.9594,,
t_plus_20_to_t_plus_210,T+20 買進，T+210 出場,2731,雄獅旅行社股份有限公司,27311,2020-06-30,2020-07-27,2020-07-28,56.8935,2021-05-12,64.3144,13.0435,-7.5667,1.8762,False,0.7139,,,-0.9581999999999999,,
t_minus_15_to_t_plus_9,T-15 買進，T+9 出場,8104,錸寶科技股份有限公司,81041,2020-07-17,2020-06-23,2020-06-24,37.2433,2020-07-30,44.6429,19.8682,8.5502,51.0345,True,1.5396,,,0.08900000000000001,,
t_plus_20_to_t_plus_210,T+20 買進，T+210 出場,8104,錸寶科技股份有限公司,81041,2020-07-17,2020-08-13,2020-08-14,42.19,2021-05-31,40.7591,-3.3915,-0.1934,30.8307,False,1.3882,,,0.1494,,
t_minus_15_to_t_plus_9,T-15 買進，T+9 出場,6179,亞通利大能源股份有限公司,61791,2020-07-21,2020-06-29,2020-06-30,28.7503,2020-08-03,32.5663,13.2727,3.6657,27.1583,True,1.6195,,,0.5337,,
t_plus_20_to_t_plus_210,T+20 買進，T+210 出場,6179,亞通利大能源股份有限公司,61791,2020-07-21,2020-08-17,2020-08-18,33.7755,2021-06-02,26.5617,-21.358,1.788,19.7754,False,0.6636,,,0.4146,,
t_minus_15_to_t_plus_9,T-15 買進，T+9 出場,2472,立隆電子工業股份有限公司,24723,2020-07-22,2020-06-30,2020-07-01,32.6824,2020-08-04,36.496,11.6686,1.9185,55.1095,True,0.696,,,0.11869999999999999,,
t_plus_20_to_t_plus_210,T+20 買進，T+210 出場,2472,立隆電子工業股份有限公司,24723,2020-07-22,2020-08-18,2020-08-19,43.5511,2021-06-03,51.0426,17.2015,20.4691,35.006,True,1.8852,,,0.1315,,
t_minus_15_to_t_plus_9,T-15 買進，T+9 出場,8092,建暐精密科技股份有限公司,80923,2020-07-22,2020-06-30,2020-07-01,9.48,2020-08-04,12.45,31.3291,23.268,44.6319,True,2.374,,,-0.5791,,
t_plus_20_to_t_plus_210,T+20 買進，T+210 出場,8092,建暐精密科技股份有限公司,80923,2020-07-22,2020-08-18,2020-08-19,10.45,2021-06-03,9.13,-12.6316,-5.5046,37.8849,False,0.5826,,,-0.2954,,
t_minus_15_to_t_plus_9,T-15 買進，T+9 出場,4912,聯德控股股份有限公司,49123,2020-08-04,2020-07-13,2020-07-14,64.023,2020-08-17,110.5852,72.7273,2.912,10.1719,False,1.8464,,,,,
t_plus_20_to_t_plus_210,T+20 買進，T+210 出場,4912,聯德控股股份有限公司,49123,2020-08-04,2020-08-31,2020-09-01,95.6708,2021-06-17,125.1062,30.7674,4.0323,50.3472,False,0.5299,,,,,
t_minus_15_to_t_plus_9,T-15 買進，T+9 出場,4164,承業生醫投資控股股份有限公司,41644,2020-08-04,2020-07-13,2020-07-14,34.2344,2020-08-17,31.7752,-7.1836,16.5166,30.4787,True,1.4798,,,-0.19899999999999998,,
t_plus_20_to_t_plus_210,T+20 買進，T+210 出場,4164,承業生醫投資控股股份有限公司,41644,2020-08-04,2020-08-31,2020-09-01,32.3607,2021-06-17,29.0036,-10.3739,-3.3799,11.8492,False,0.7746,,,-0.0547,,
t_minus_15_to_t_plus_9,T-15 買進，T+9 出場,9958,世紀鋼鐵結構股份有限公司,99584,2020-08-11,2020-07-20,2020-07-21,79.4808,2020-08-24,97.3648,22.5009,0.2281,7.8528,False,1.6949,,,2.3276,,
t_plus_20_to_t_plus_210,T+20 買進，T+210 出場,9958,世紀鋼鐵結構股份有限公司,99584,2020-08-11,2020-09-07,2020-09-08,119.9029,2021-06-24,121.2552,1.1278,35.9335,53.0418,True,1.1746,,,3.2469,,
t_minus_15_to_t_plus_9,T-15 買進，T+9 出場,8466,美喆國際股份有限公司,84661,2020-08-12,2020-07-21,2020-07-22,55.6125,2020-08-25,54.5552,-1.9012,1.4749,8.3465,True,0.6585,,,,,
t_plus_20_to_t_plus_210,T+20 買進，T+210 出場,8466,美喆國際股份有限公司,84661,2020-08-12,2020-09-08,2020-09-09,53.4418,2021-06-25,49.2452,-7.8526,-3.2258,-1.8378,False,0.9094,,,,,
t_minus_15_to_t_plus_9,T-15 買進，T+9 出場,9802,鈺齊國際股份有限公司,98025,2020-08-17,2020-07-24,2020-07-27,87.2087,2020-08-28,101.6616,16.5728,3.9481,21.9008,True,1.3505,,,,,
t_plus_20_to_t_plus_210,T+20 買進，T+210 出場,9802,鈺齊國際股份有限公司,98025,2020-08-17,2020-09-11,2020-09-14,97.6592,2021-06-30,92.1209,-5.671,8.4821,23.1003,False,0.5229,,,,,
t_minus_15_to_t_plus_9,T-15 買進，T+9 出場,1598,岱宇國際股份有限公司,15982,2020-08-24,2020-07-31,2020-08-03,57.4322,2020-09-04,108.3484,88.6544,18.5028,96.4892,True,0.9275,,,1.9884,,
t_plus_20_to_t_plus_210,T+20 買進，T+210 出場,1598,岱宇國際股份有限公司,15982,2020-08-24,2020-09-18,2020-09-21,97.362,2021-07-07,74.1886,-23.8012,16.8182,142.3175,False,1.1188,,,1.589,,
t_minus_15_to_t_plus_9,T-15 買進，T+9 出場,4760,勤凱科技股份有限公司,47601,2020-08-25,2020-08-03,2020-08-04,58.3083,2020-09-07,53.8643,-7.6216,-3.3373,-4.2635,False,0.6126,,,1.1587,,
t_plus_20_to_t_plus_210,T+20 買進，T+210 出場,4760,勤凱科技股份有限公司,47601,2020-08-25,2020-09-21,2020-09-22,56.7759,2021-07-08,94.8797,67.1128,0.8163,-0.8378,False,1.7305,,,1.2775,,
t_minus_15_to_t_plus_9,T-15 買進，T+9 出場,1586,和勤精機股份有限公司,15862,2020-08-31,2020-08-07,2020-08-10,34.7537,2020-09-11,38.0803,9.5718,3.2258,4.4387,True,1.6382,,,0.2969,,
t_plus_20_to_t_plus_210,T+20 買進，T+210 出場,1586,和勤精機股份有限公司,15862,2020-08-31,2020-09-25,2020-09-28,37.6999,2021-07-14,41.194,9.2683,-5.697,13.0643,False,0.7165,,,0.21230000000000002,,
t_minus_15_to_t_plus_9,T-15 買進，T+9 出場,6591,動力科技股份有限公司,65912,2020-09-01,2020-08-10,2020-08-11,41.3538,2020-09-14,42.1878,2.0168,-0.1963,37.8568,False,0.5041,,,,,
t_plus_20_to_t_plus_210,T+20 買進，T+210 出場,6591,動力科技股份有限公司,65912,2020-09-01,2020-09-28,2020-09-29,38.8999,2021-07-15,44.6681,14.8282,-21.6807,12.956,False,0.6518,,,,,
t_minus_15_to_t_plus_9,T-15 買進，T+9 出場,1586,和勤精機股份有限公司,15863,2020-09-01,2020-08-10,2020-08-11,35.1039,2020-09-14,38.2116,8.8529,2.3196,4.4737,True,1.9275,,,0.2969,,
t_plus_20_to_t_plus_210,T+20 買進，T+210 出場,1586,和勤精機股份有限公司,15863,2020-09-01,2020-09-28,2020-09-29,37.6999,2021-07-15,41.194,9.2683,-6.6078,12.6092,False,0.7468,,,0.21230000000000002,,
t_minus_15_to_t_plus_9,T-15 買進，T+9 出場,2937,集雅社股份有限公司,29371,2020-09-04,2020-08-13,2020-08-14,21.0498,2020-09-17,19.6259,-6.7647,9.8387,37.6279,True,2.0143,,,0.3274,,
t_plus_20_to_t_plus_210,T+20 買進，T+210 出場,2937,集雅社股份有限公司,29371,2020-09-04,2020-10-05,2020-10-06,19.3782,2021-07-20,22.2881,15.016,-7.0381,1.1036,False,0.4986,,,0.33649999999999997,,
t_minus_15_to_t_plus_9,T-15 買進，T+9 出場,4123,晟德大藥廠股份有限公司,41234,2020-09-07,2020-08-14,2020-08-17,42.7241,2020-09-18,43.6167,2.0891,-2.2024,45.3949,False,0.364,,,-0.6587999999999999,,
t_plus_20_to_t_plus_210,T+20 買進，T+210 出場,4123,晟德大藥廠股份有限公司,41234,2020-09-07,2020-10-06,2020-10-07,41.296,2021-07-21,40.3439,-2.3055,-10.6821,-19.5137,False,0.5609,,,-0.6007,,
t_minus_15_to_t_plus_9,T-15 買進，T+9 出場,4123,晟德大藥廠股份有限公司,41235,2020-09-08,2020-08-17,2020-08-18,43.3786,2020-09-21,43.6762,0.6859,-3.7617,32.8688,False,0.4678,,,-0.6587999999999999,,
t_plus_20_to_t_plus_210,T+20 買進，T+210 出場,4123,晟德大藥廠股份有限公司,41235,2020-09-08,2020-10-07,2020-10-08,41.177,2021-07-22,40.5819,-1.4451,-11.7949,-18.7091,False,0.3672,,,-0.6007,,
t_minus_15_to_t_plus_9,T-15 買進，T+9 出場,8050,廣積科技股份有限公司,80505,2020-09-07,2020-08-14,2020-08-17,32.1908,2020-09-18,34.2174,6.2954,6.4472,12.9786,True,1.1465,,,0.4646,,
t_plus_20_to_t_plus_210,T+20 買進，T+210 出場,8050,廣積科技股份有限公司,80505,2020-09-07,2020-10-06,2020-10-07,32.6585,2021-07-21,31.4504,-3.6993,-9.8166,6.4265,False,0.6327,,,0.33030000000000004,,
t_minus_15_to_t_plus_9,T-15 買進，T+9 出場,3310,佳穎精密企業股份有限公司,33101,2020-09-18,2020-08-27,2020-08-28,21.3648,2020-10-05,22.5475,5.5357,2.7523,-1.1846,True,1.4154,,,0.0694,,
t_plus_20_to_t_plus_210,T+20 買進，T+210 出場,3310,佳穎精密企業股份有限公司,33101,2020-09-18,2020-10-20,2020-10-21,24.7984,2021-08-03,22.6734,-8.5692,-2.7273,16.094,False,0.3756,,,0.09269999999999999,,
t_minus_15_to_t_plus_9,T-15 買進，T+9 出場,3092,鴻碩精密電工股份有限公司,30921,2020-09-21,2020-08-28,2020-08-31,34.1066,2020-10-06,34.9776,2.5538,1.0689,-0.1174,False,1.7488,,,-0.18309999999999998,,
t_plus_20_to_t_plus_210,T+20 買進，T+210 出場,3092,鴻碩精密電工股份有限公司,30921,2020-09-21,2020-10-21,2020-10-22,34.3816,2021-08-04,69.5373,102.2515,-3.949,4.2558,False,0.5209,,,-0.1419,,
t_minus_15_to_t_plus_9,T-15 買進，T+9 出場,6496,科懋生物科技股份有限公司,64961,2020-09-24,2020-09-02,2020-09-03,29.307,2020-10-12,28.1966,-3.7891,-3.04,2.6868,False,0.9003,,,-0.0095,,
t_plus_20_to_t_plus_210,T+20 買進，T+210 出場,6496,科懋生物科技股份有限公司,64961,2020-09-24,2020-10-26,2020-10-27,28.1,2021-08-09,27.9,-0.7117,-3.4314,-4.3689,False,0.7003,,,0.077,,
t_minus_15_to_t_plus_9,T-15 買進，T+9 出場,3260,威剛科技股份有限公司,32607,2020-09-28,2020-09-04,2020-09-07,41.4213,2020-10-14,44.9047,8.4095,-6.3574,-8.3857,False,0.5974,,,0.3169,,
t_plus_20_to_t_plus_210,T+20 買進，T+210 出場,3260,威剛科技股份有限公司,32607,2020-09-28,2020-10-28,2020-10-29,41.8,2021-08-11,77.3361,85.0147,5.8601,-7.8947,False,0.5177,,,0.5262,,
t_minus_15_to_t_plus_9,T-15 買進，T+9 出場,4967,十銓科技股份有限公司,49672,2020-10-07,2020-09-11,2020-09-14,43.9412,2020-10-21,41.9634,-4.5011,-4.1558,-6.3452,False,0.4835,,,0.312,,
t_plus_20_to_t_plus_210,T+20 買進，T+210 出場,4967,十銓科技股份有限公司,49672,2020-10-07,2020-11-04,2020-11-05,40.6936,2021-08-18,65.5451,61.0698,-2.489,-17.2302,False,0.6738,,,0.8405,,
t_minus_15_to_t_plus_9,T-15 買進，T+9 出場,8044,網路家庭國際資訊股份有限公司,80441,2020-10-07,2020-09-11,2020-09-14,103.2394,2020-10-21,95.0966,-7.8873,-7.8947,-10.1637,False,0.4504,,,0.14679999999999999,,
t_plus_20_to_t_plus_210,T+20 買進，T+210 出場,8044,網路家庭國際資訊股份有限公司,80441,2020-10-07,2020-11-04,2020-11-05,91.6068,2021-08-18,105.6343,15.3127,-10.6667,-22.7984,False,1.1139,,,-0.006500000000000001,,
t_minus_15_to_t_plus_9,T-15 買進，T+9 出場,3163,波若威科技股份有限公司,31632,2020-10-08,2020-09-14,2020-09-15,53.5449,2020-10-22,54.2039,1.2308,-5.6864,41.4196,False,0.8664,,,0.5394,,
t_plus_20_to_t_plus_210,T+20 買進，T+210 出場,3163,波若威科技股份有限公司,31632,2020-10-08,2020-11-05,2020-11-06,50.4969,2021-08-19,32.2505,-36.1338,-7.657,-10.7833,False,0.5911,,,0.4014,,
t_minus_15_to_t_plus_9,T-15 買進，T+9 出場,5263,智崴資訊科技股份有限公司,52633,2020-10-12,2020-09-15,2020-09-16,99.5697,2020-10-23,99.0816,-0.4902,-3.7383,-4.2399,False,1.0813,,,-0.5377000000000001,,
t_plus_20_to_t_plus_210,T+20 買進，T+210 出場,5263,智崴資訊科技股份有限公司,52633,2020-10-12,2020-11-06,2020-11-09,98.5935,2021-08-20,114.2123,15.8416,-0.495,-7.3733,False,1.5865,,,-0.6225999999999999,,
t_minus_15_to_t_plus_9,T-15 買進，T+9 出場,3171,新洲全球股份有限公司,31712,2020-10-15,2020-09-18,2020-09-21,25.3289,2020-10-28,27.727,9.4678,0.4566,-4.7634,False,0.978,,,0.096,,
t_plus_20_to_t_plus_210,T+20 買進，T+210 出場,3171,新洲全球股份有限公司,31712,2020-10-15,2020-11-11,2020-11-12,25.4311,2021-08-25,26.2185,3.0961,-9.6953,6.1402,False,0.7167,,,0.1255,,
t_minus_15_to_t_plus_9,T-15 買進，T+9 出場,5263,智崴資訊科技股份有限公司,52634,2020-10-15,2020-09-18,2020-09-21,99.5697,2020-10-28,97.6173,-1.9608,-3.3333,-4.365,False,1.5852,,,-0.5377000000000001,,
t_plus_20_to_t_plus_210,T+20 買進，T+210 出場,5263,智崴資訊科技股份有限公司,52634,2020-10-15,2020-11-11,2020-11-12,109.8195,2021-08-25,120.5574,9.7778,12.7254,5.6338,False,1.7965,,,-0.49439999999999995,,
t_minus_15_to_t_plus_9,T-15 買進，T+9 出場,5309,系統電子工業股份有限公司,53094,2020-10-20,2020-09-23,2020-09-24,33.1871,2020-11-02,39.0998,17.8161,-6.3661,26.5233,False,1.0468,,,0.2419,,
t_plus_20_to_t_plus_210,T+20 買進，T+210 出場,5309,系統電子工業股份有限公司,53094,2020-10-20,2020-11-16,2020-11-17,45.7754,2021-08-30,29.897,-34.6875,21.1392,33.6592,True,0.451,,,0.3369,,
t_minus_15_to_t_plus_9,T-15 買進，T+9 出場,2618,長榮航空股份有限公司,26184,2020-10-21,2020-09-24,2020-09-25,8.7684,2020-11-03,8.9733,2.3365,-3.6485,-3.2202,False,0.4961,,,-0.6267,,
t_plus_20_to_t_plus_210,T+20 買進，T+210 出場,2618,長榮航空股份有限公司,26184,2020-10-21,2020-11-17,2020-11-18,9.9157,2021-08-31,15.734,58.6777,13.0841,14.01,True,2.4506,,,-0.5708,,
t_minus_15_to_t_plus_9,T-15 買進，T+9 出場,4433,興采實業股份有限公司,44332,2020-10-22,2020-09-25,2020-09-28,31.7478,2020-11-04,34.5594,8.8561,-10.9677,25.0387,False,0.6046,,,0.7402,,
t_plus_20_to_t_plus_210,T+20 買進，T+210 出場,4433,興采實業股份有限公司,44332,2020-10-22,2020-11-18,2020-11-19,34.9499,2021-09-01,28.5473,-18.3195,-5.3515,-4.1445,False,0.9326,,,-0.0222,,
t_minus_15_to_t_plus_9,T-15 買進，T+9 出場,4121,優盛醫學科技股份有限公司,41212,2020-10-23,2020-09-28,2020-09-29,14.313,2020-11-05,14.5423,1.6023,-11.6883,-19.2399,False,0.7568,,,0.2587,,
t_plus_20_to_t_plus_210,T+20 買進，T+210 出場,4121,優盛醫學科技股份有限公司,41212,2020-10-23,2020-11-19,2020-11-20,15.5961,2021-09-02,19.4933,24.9885,7.0861,-3.7055,True,0.701,,,0.3297,,
t_minus_15_to_t_plus_9,T-15 買進，T+9 出場,6441,廣錠科技股份有限公司,64413,2020-10-26,2020-09-29,2020-09-30,102.5869,2020-11-06,150.9937,47.1862,-1.6949,27.7365,False,1.1017,,,1.3546,,
t_plus_20_to_t_plus_210,T+20 買進，T+210 出場,6441,廣錠科技股份有限公司,64413,2020-10-26,2020-11-20,2020-11-23,128.7887,2021-09-03,44.3566,-65.5586,-3.7162,7.5472,False,0.2014,,,2.5306,,
t_minus_15_to_t_plus_9,T-15 買進，T+9 出場,6441,廣錠科技股份有限公司,64414,2020-10-26,2020-09-29,2020-09-30,102.5869,2020-11-06,150.9937,47.1862,-1.6949,27.7365,False,1.1017,,,1.3546,,
t_plus_20_to_t_plus_210,T+20 買進，T+210 出場,6441,廣錠科技股份有限公司,64414,2020-10-26,2020-11-20,2020-11-23,128.7887,2021-09-03,44.3566,-65.5586,-3.7162,7.5472,False,0.2014,,,2.5306,,
t_minus_15_to_t_plus_9,T-15 買進，T+9 出場,6441,廣錠科技股份有限公司,64415,2020-10-27,2020-09-30,2020-10-05,107.472,2020-11-09,158.0992,47.1074,-5.5118,32.1412,False,0.9114,,,1.3546,,
t_plus_20_to_t_plus_210,T+20 買進，T+210 出場,6441,廣錠科技股份有限公司,64415,2020-10-27,2020-11-23,2020-11-24,130.5651,2021-09-06,42.9888,-67.0748,-1.6778,9.3284,False,0.1448,,,2.5306,,
t_minus_15_to_t_plus_9,T-15 買進，T+9 出場,5306,桂盟國際股份有限公司,53063,2020-10-30,2020-10-07,2020-10-08,158.7047,2020-11-12,153.2187,-3.4568,12.4293,6.8209,True,1.2618,,,0.4078,,
t_plus_20_to_t_plus_210,T+20 買進，T+210 出場,5306,桂盟國際股份有限公司,53063,2020-10-30,2020-11-26,2020-11-27,150.8675,2021-09-09,167.6747,11.1404,-5.8823,-1.5385,False,0.2577,,,0.36219999999999997,,
t_minus_15_to_t_plus_9,T-15 買進，T+9 出場,5223,安力國際股份有限公司,52231,2020-10-30,2020-10-07,2020-10-08,54.3811,2020-11-12,57.9221,6.5116,-1.9787,7.5101,False,0.4599,,,,,
t_plus_20_to_t_plus_210,T+20 買進，T+210 出場,5223,安力國際股份有限公司,52231,2020-10-30,2020-11-26,2020-11-27,62.5593,2021-09-09,45.8675,-26.6816,0.1353,-6.3291,False,1.5737,,,,,
t_minus_15_to_t_plus_9,T-15 買進，T+9 出場,6477,安集科技股份有限公司,64772,2020-10-30,2020-10-07,2020-10-08,38.897,2020-11-12,52.4886,34.9425,3.3079,31.79,False,0.8454,,,1.5159,,
t_plus_20_to_t_plus_210,T+20 買進，T+210 出場,6477,安集科技股份有限公司,64772,2020-10-30,2020-11-26,2020-11-27,58.3902,2021-09-09,32.8719,-43.7032,4.1936,75.0678,False,1.0994,,,0.3836,,
t_minus_15_to_t_plus_9,T-15 買進，T+9 出場,3653,健策精密工業股份有限公司,36533,2020-10-30,2020-10-07,2020-10-08,264.6562,2020-11-12,223.422,-15.5803,3.5,3.7316,False,0.6493,,,0.233,,
t_plus_20_to_t_plus_210,T+20 買進，T+210 出場,3653,健策精密工業股份有限公司,36533,2020-10-30,2020-11-26,2020-11-27,238.1485,2021-09-09,252.2098,5.9044,-9.4156,-8.8235,False,0.8916,,,-0.0313,,
t_minus_15_to_t_plus_9,T-15 買進，T+9 出場,3033,威健實業股份有限公司,30335,2020-11-03,2020-10-12,2020-10-13,12.424,2020-11-16,12.9058,3.8781,-5.7441,20.3333,False,0.2871,,,0.2937,,
t_plus_20_to_t_plus_210,T+20 買進，T+210 出場,3033,威健實業股份有限公司,30335,2020-11-03,2020-11-30,2020-12-01,13.4564,2021-09-13,20.1201,49.5204,8.011,8.011,True,1.47,,,0.2426,,
t_minus_15_to_t_plus_9,T-15 買進，T+9 出場,1593,祺驊股份有限公司,15932,2020-11-04,2020-10-13,2020-10-14,42.9502,2020-11-17,42.546,-0.9413,2.0408,0.167,False,0.6296,,,0.1534,,
t_plus_20_to_t_plus_210,T+20 買進，T+210 出場,1593,祺驊股份有限公司,15932,2020-11-04,2020-12-01,2020-12-02,43.1171,2021-09-14,71.0171,64.7076,-0.1202,-1.1075,False,1.0461,,,0.1867,,
t_minus_15_to_t_plus_9,T-15 買進，T+9 出場,6205,詮欣股份有限公司,62053,2020-11-04,2020-10-13,2020-10-14,26.9865,2020-11-17,30.0941,11.5151,-1.5083,-8.6713,False,0.6244,,,0.048,,
t_plus_20_to_t_plus_210,T+20 買進，T+210 出場,6205,詮欣股份有限公司,62053,2020-11-04,2020-12-01,2020-12-02,39.4576,2021-09-14,25.9293,-34.2856,34.4491,35.3933,True,3.1096,,,0.057699999999999994,,
t_minus_15_to_t_plus_9,T-15 買進，T+9 出場,3324,雙鴻科技股份有限公司,33244,2020-11-12,2020-10-21,2020-10-22,191.1725,2020-11-25,206.0805,7.7982,-8.9397,4.5346,False,0.4853,,,0.2228,,
t_plus_20_to_t_plus_210,T+20 買進，T+210 出場,3324,雙鴻科技股份有限公司,33244,2020-11-12,2020-12-09,2020-12-10,197.3111,2021-09-24,161.1554,-18.3242,-6.0166,2.4887,False,0.8244,,,0.305,,
t_minus_15_to_t_plus_9,T-15 買進，T+9 出場,3413,京鼎精密科技股份有限公司,34132,2020-11-16,2020-10-23,2020-10-26,140.5849,2020-11-27,161.2704,14.7139,-0.813,-9.6296,False,0.741,,,0.3549,,
t_plus_20_to_t_plus_210,T+20 買進，T+210 出場,3413,京鼎精密科技股份有限公司,34132,2020-11-16,2020-12-11,2020-12-14,169.3148,2021-09-28,167.0671,-1.3275,13.0769,17.2872,True,1.1776,,,0.0705,,
t_minus_15_to_t_plus_9,T-15 買進，T+9 出場,8070,長華電材股份有限公司,80704,2020-11-25,2020-11-03,2020-11-04,15.5496,2020-12-08,21.8833,40.7323,8.7719,14.2105,True,1.4891,,,0.058899999999999994,,
t_plus_20_to_t_plus_210,T+20 買進，T+210 出場,8070,長華電材股份有限公司,80704,2020-11-25,2020-12-22,2020-12-23,21.0283,2021-10-07,23.0375,9.555,24.3658,50.249,False,0.372,,,0.1641,,
t_minus_15_to_t_plus_9,T-15 買進，T+9 出場,3141,晶宏半導體股份有限公司,31411,2020-11-25,2020-11-03,2020-11-04,26.9536,2020-12-08,36.8258,36.6269,-1.8707,17.7944,False,1.5835,,,0.22579999999999997,,
t_plus_20_to_t_plus_210,T+20 買進，T+210 出場,3141,晶宏半導體股份有限公司,31411,2020-11-25,2020-12-22,2020-12-23,36.3207,2021-10-07,145.6968,301.1396,0.7692,33.6735,True,0.6474,,,0.5606,,
t_minus_15_to_t_plus_9,T-15 買進，T+9 出場,5536,聖暉工程科技股份有限公司,55361,2020-11-27,2020-11-05,2020-11-06,135.538,2020-12-10,138.384,2.0997,-0.5222,-4.2714,False,1.6295,,,-0.06709999999999999,,
t_plus_20_to_t_plus_210,T+20 買進，T+210 出場,5536,聖暉工程科技股份有限公司,55361,2020-11-27,2020-12-24,2020-12-25,134.5215,2021-10-12,138.1822,2.7213,-2.2962,-1.2731,False,0.8844,,,-0.0545,,
t_minus_15_to_t_plus_9,T-15 買進，T+9 出場,1436,華友聯開發股份有限公司,14362,2020-12-01,2020-11-09,2020-11-10,19.1331,2020-12-14,19.3882,1.3333,-1.8325,2.7397,False,0.4507,,,-0.7198,,
t_plus_20_to_t_plus_210,T+20 買進，T+210 出場,1436,華友聯開發股份有限公司,14362,2020-12-01,2020-12-28,2020-12-29,19.3882,2021-10-14,27.9489,44.1544,-5.679,0.6588,False,0.4126,,,-0.9604,,
t_minus_15_to_t_plus_9,T-15 買進，T+9 出場,2636,台驊國際投資控股股份有限公司,26364,2020-12-02,2020-11-10,2020-11-11,23.0255,2020-12-15,25.6482,11.39,4.0928,23.0645,True,1.2172,,,0.3978,,
t_plus_20_to_t_plus_210,T+20 買進，T+210 出場,2636,台驊國際投資控股股份有限公司,26364,2020-12-02,2020-12-29,2020-12-30,25.7703,2021-10-15,83.793,225.1533,16.2534,19.769,False,0.8388,,,0.6036,,
t_minus_15_to_t_plus_9,T-15 買進，T+9 出場,4807,日成控股股份有限公司,48071,2020-12-02,2020-11-10,2020-11-11,25.8005,2020-12-15,24.7255,-4.1667,-3.3333,-2.3569,False,1.0642,,,,,
t_plus_20_to_t_plus_210,T+20 買進，T+210 出場,4807,日成控股股份有限公司,48071,2020-12-02,2020-12-29,2020-12-30,24.9047,2021-10-15,25.1634,1.0389,-11.04,-4.7945,False,0.3521,,,,,
t_minus_15_to_t_plus_9,T-15 買進，T+9 出場,6465,威潤科技股份有限公司,64651,2020-12-09,2020-11-17,2020-11-18,44.4006,2020-12-22,53.2519,19.9352,-1.4423,-4.6512,False,0.2237,,,-0.2651,,
t_plus_20_to_t_plus_210,T+20 買進，T+210 出場,6465,威潤科技股份有限公司,64651,2020-12-09,2021-01-06,2021-01-07,50.3734,2021-10-22,24.3951,-51.5714,3.4682,14.56,False,0.646,,,0.18,,
t_minus_15_to_t_plus_9,T-15 買進，T+9 出場,3689,湧德電子股份有限公司,36893,2020-12-11,2020-11-19,2020-11-20,25.9151,2020-12-24,25.3455,-2.1978,7.0588,-14.1509,True,0.6233,,,0.0373,,
t_plus_20_to_t_plus_210,T+20 買進，T+210 出場,3689,湧德電子股份有限公司,36893,2020-12-11,2021-01-08,2021-01-11,23.7589,2021-10-26,38.7776,63.2134,-18.0791,-5.3833,False,0.6775,,,0.049699999999999994,,
t_minus_15_to_t_plus_9,T-15 買進，T+9 出場,3489,森寶開發股份有限公司,34891,2020-12-14,2020-11-20,2020-11-23,9.1461,2020-12-25,8.5009,-7.0539,0.0,-13.4058,False,1.0286,,,0.0698,,
t_plus_20_to_t_plus_210,T+20 買進，T+210 出場,3489,森寶開發股份有限公司,34891,2020-12-14,2021-01-11,2021-01-12,8.1973,2021-10-27,9.9929,21.9048,-1.3699,-8.8608,False,0.502,,,-0.1315,,
t_minus_15_to_t_plus_9,T-15 買進，T+9 出場,2034,允強實業股份有限公司,20343,2020-12-15,2020-11-23,2020-11-24,18.6768,2020-12-28,22.0526,18.0753,4.3478,2.7837,True,1.2683,,,-0.27,,
t_plus_20_to_t_plus_210,T+20 買進，T+210 出場,2034,允強實業股份有限公司,20343,2020-12-15,2021-01-12,2021-01-13,20.5956,2021-10-28,26.0343,26.4073,-3.1598,13.1525,True,1.2341,,,-0.1728,,
t_minus_15_to_t_plus_9,T-15 買進，T+9 出場,6196,帆宣系統科技股份有限公司,61964,2020-12-15,2020-11-23,2020-11-24,93.4709,2020-12-28,93.4709,-0.0,8.6956,-5.4622,True,1.6218,,,0.184,,
t_plus_20_to_t_plus_210,T+20 買進，T+210 出場,6196,帆宣系統科技股份有限公司,61964,2020-12-15,2021-01-12,2021-01-13,94.2944,2021-10-28,99.7731,5.8103,3.1531,7.0093,True,1.6951,,,-0.0452,,
t_minus_15_to_t_plus_9,T-15 買進，T+9 出場,3023,信邦電子股份有限公司,30237,2020-12-15,2020-11-23,2020-11-24,163.5469,2020-12-28,183.1896,12.0104,-2.0513,10.7246,False,0.7882,,,0.4094,,
t_plus_20_to_t_plus_210,T+20 買進，T+210 出場,3023,信邦電子股份有限公司,30237,2020-12-15,2021-01-12,2021-01-13,216.4967,2021-10-28,208.0928,-3.8818,23.0024,35.8289,True,1.8079,,,0.5465,,
t_minus_15_to_t_plus_9,T-15 買進，T+9 出場,5546,永固集團股份有限公司,55461,2020-12-16,2020-11-24,2020-11-25,54.6942,2020-12-29,55.0927,0.7286,0.5181,8.8359,False,0.8758,,,,,
t_plus_20_to_t_plus_210,T+20 買進，T+210 出場,5546,永固集團股份有限公司,55461,2020-12-16,2021-01-13,2021-01-14,56.0828,2021-10-29,48.5414,-13.4469,-1.3665,6.5011,False,1.4767,,,,,
t_minus_15_to_t_plus_9,T-15 買進，T+9 出場,1513,中興電工機械股份有限公司,15132,2020-12-17,2020-11-25,2020-11-26,44.5418,2020-12-30,45.6797,2.5547,5.8491,66.3749,False,0.8904,,,0.1499,,
t_plus_20_to_t_plus_210,T+20 買進，T+210 出場,1513,中興電工機械股份有限公司,15132,2020-12-17,2021-01-14,2021-01-15,39.2585,2021-11-01,35.8256,-8.7443,-11.2546,4.3384,False,0.716,,,1.0454999999999999,,
t_minus_15_to_t_plus_9,T-15 買進，T+9 出場,3305,昇貿科技股份有限公司,33053,2020-12-18,2020-11-26,2020-11-27,21.3477,2020-12-31,23.4743,9.9617,5.3061,-2.8249,True,1.3444,,,0.1188,,
t_plus_20_to_t_plus_210,T+20 買進，T+210 出場,3305,昇貿科技股份有限公司,33053,2020-12-18,2021-01-15,2021-01-18,24.2104,2021-11-02,64.4326,166.1361,-0.3401,17.2,False,0.8631,,,0.2554,,
t_minus_15_to_t_plus_9,T-15 買進，T+9 出場,3305,昇貿科技股份有限公司,33054,2020-12-21,2020-11-27,2020-11-30,22.779,2021-01-04,22.6973,-0.3591,15.735,5.4717,True,1.4424,,,0.1188,,
t_plus_20_to_t_plus_210,T+20 買進，T+210 出場,3305,昇貿科技股份有限公司,33054,2020-12-21,2021-01-18,2021-01-19,24.7829,2021-11-03,65.5261,164.4001,3.9587,18.4314,False,0.9955,,,0.2554,,
t_minus_15_to_t_plus_9,T-15 買進，T+9 出場,4556,旭然國際股份有限公司,45561,2020-12-22,2020-11-30,2020-12-01,30.9646,2021-01-05,29.5319,-4.6269,-6.7797,-13.8381,False,0.4295,,,-0.4138,,
t_plus_20_to_t_plus_210,T+20 買進，T+210 出場,4556,旭然國際股份有限公司,45561,2020-12-22,2021-01-19,2021-01-20,30.179,2021-11-04,29.1563,-3.3887,0.1517,-8.5873,False,1.5402,,,0.1201,,
t_minus_15_to_t_plus_9,T-15 買進，T+9 出場,4556,旭然國際股份有限公司,45562,2020-12-23,2020-12-01,2020-12-02,31.7041,2021-01-06,29.3009,-7.5802,-5.7692,-10.9091,False,0.4074,,,-0.4138,,
t_plus_20_to_t_plus_210,T+20 買進，T+210 出場,4556,旭然國際股份有限公司,45562,2020-12-23,2021-01-20,2021-01-21,30.0865,2021-11-05,29.1563,-3.0919,-0.6088,-9.6819,True,1.6331,,,0.1201,,
t_minus_15_to_t_plus_9,T-15 買進，T+9 出場,8927,北基國際股份有限公司,89275,2020-12-23,2020-12-01,2020-12-02,10.427,2021-01-06,10.5989,1.6483,17.3203,18.0921,True,0.6017,,,-0.13720000000000002,,
t_plus_20_to_t_plus_210,T+20 買進，T+210 出場,8927,北基國際股份有限公司,89275,2020-12-23,2021-01-20,2021-01-21,10.0546,2021-11-05,19.7394,96.3217,-7.9576,14.5215,False,0.748,,,-0.1167,,
t_minus_15_to_t_plus_9,T-15 買進，T+9 出場,3521,鴻翊國際股份有限公司,35211,2020-12-25,2020-12-03,2020-12-04,12.7,2021-01-08,17.2,35.4331,26.1307,15.6682,True,2.4779,,,-0.5846,,
t_plus_20_to_t_plus_210,T+20 買進，T+210 出場,3521,鴻翊國際股份有限公司,35211,2020-12-25,2021-01-22,2021-01-25,16.8,2021-11-09,11.85,-29.4643,16.4336,66.8337,False,0.6969,,,-0.7323000000000001,,
t_minus_15_to_t_plus_9,T-15 買進，T+9 出場,6655,科定企業股份有限公司,66551,2021-01-05,2020-12-11,2020-12-14,31.2609,2021-01-18,31.3885,0.4082,-6.0952,11.2867,False,0.8911,,,-0.10099999999999999,,
t_plus_20_to_t_plus_210,T+20 買進，T+210 出場,6655,科定企業股份有限公司,66551,2021-01-05,2021-02-01,2021-02-02,31.8031,2021-11-17,65.8911,107.1842,-2.2088,-6.3462,False,1.2823,,,-0.2072,,
t_minus_15_to_t_plus_9,T-15 買進，T+9 出場,8462,柏文健康事業股份有限公司,84622,2021-01-06,2020-12-14,2020-12-15,127.8606,2021-01-19,119.3095,-6.6879,-4.2683,-5.988,False,1.1581,,,0.0729,,
t_plus_20_to_t_plus_210,T+20 買進，T+210 出場,8462,柏文健康事業股份有限公司,84622,2021-01-06,2021-02-02,2021-02-03,110.7583,2021-11-18,125.181,13.0218,-12.8617,-14.511,False,0.8059,,,0.0727,,
t_minus_15_to_t_plus_9,T-15 買進，T+9 出場,3625,西勝國際股份有限公司,36253,2021-01-12,2020-12-18,2020-12-21,17.2102,2021-01-25,23.8257,38.4393,14.3813,13.6213,False,0.3263,,,-0.3171,,
t_plus_20_to_t_plus_210,T+20 買進，T+210 出場,3625,西勝國際股份有限公司,36253,2021-01-12,2021-02-17,2021-02-18,21.09,2021-11-24,24.92,18.1604,2.1583,45.8904,False,0.3604,,,0.2293,,
t_minus_15_to_t_plus_9,T-15 買進，T+9 出場,3346,麗清科技股份有限公司,33463,2021-01-15,2020-12-23,2020-12-24,37.5862,2021-01-28,40.3963,7.4766,-3.972,44.9735,False,0.5193,,,0.2768,,
t_plus_20_to_t_plus_210,T+20 買進，T+210 出場,3346,麗清科技股份有限公司,33463,2021-01-15,2021-02-22,2021-02-23,42.7685,2021-11-29,37.5272,-12.255,-5.8852,24.2076,False,1.3272,,,0.9041,,
t_minus_15_to_t_plus_9,T-15 買進，T+9 出場,6224,聚鼎科技股份有限公司,62241,2021-01-18,2020-12-24,2020-12-25,76.0741,2021-01-29,84.0142,10.4373,1.5573,13.9825,False,0.497,,,0.0552,,
t_plus_20_to_t_plus_210,T+20 買進，T+210 出場,6224,聚鼎科技股份有限公司,62241,2021-01-18,2021-02-23,2021-02-24,110.3004,2021-11-30,105.1715,-4.6499,23.8318,52.0366,True,1.9398,,,0.5908,,
t_minus_15_to_t_plus_9,T-15 買進，T+9 出場,1338,廣華控股有限公司,13381,2021-01-19,2020-12-25,2020-12-28,46.2683,2021-02-01,49.7465,7.5175,-5.6478,5.9702,False,0.7706,,,,,
t_plus_20_to_t_plus_210,T+20 買進，T+210 出場,1338,廣華控股有限公司,13381,2021-01-19,2021-02-24,2021-02-25,53.9527,2021-12-01,43.8648,-18.6977,-4.4993,11.5254,False,1.1731,,,,,
t_minus_15_to_t_plus_9,T-15 買進，T+9 出場,3591,艾笛森光電股份有限公司,35913,2021-01-25,2020-12-31,2021-01-04,17.1362,2021-02-05,14.8111,-13.5678,27.3927,65.6652,True,2.2316,,,-0.0169,,
t_plus_20_to_t_plus_210,T+20 買進，T+210 出場,3591,艾笛森光電股份有限公司,35913,2021-01-25,2021-03-03,2021-03-04,16.7487,2021-12-07,23.8626,42.4748,10.5113,34.602,True,0.6985,,,0.5711999999999999,,
t_minus_15_to_t_plus_9,T-15 買進，T+9 出場,2905,三商投資控股股份有限公司,29051,2021-01-25,2020-12-31,2021-01-04,17.6322,2021-02-05,16.9934,-3.6232,-1.4286,-6.3348,False,0.8468,,,0.2217,,
t_plus_20_to_t_plus_210,T+20 買進，T+210 出場,2905,三商投資控股股份有限公司,29051,2021-01-25,2021-03-03,2021-03-04,17.76,2021-12-07,20.4293,15.0301,3.99,-2.5701,True,1.6572,,,0.0216,,
t_minus_15_to_t_plus_9,T-15 買進，T+9 出場,1316,上曜建設開發股份有限公司,13164,2021-01-29,2021-01-07,2021-01-08,11.9552,2021-02-22,12.5555,5.0209,2.5751,3.4632,False,1.3968,,,2.0837,,
t_plus_20_to_t_plus_210,T+20 買進，T+210 出場,1316,上曜建設開發股份有限公司,13164,2021-01-29,2021-03-09,2021-03-10,11.9052,2021-12-13,20.8091,74.7899,0.0,-3.6437,False,0.5456,,,0.15039999999999998,,
t_minus_15_to_t_plus_9,T-15 買進，T+9 出場,1316,上曜建設開發股份有限公司,13165,2021-02-01,2021-01-08,2021-01-11,11.7051,2021-02-23,12.5555,7.265,-1.25,2.1552,False,1.4344,,,-0.843,,
t_plus_20_to_t_plus_210,T+20 買進，T+210 出場,1316,上曜建設開發股份有限公司,13165,2021-02-01,2021-03-10,2021-03-11,11.8552,2021-12-14,20.3089,71.308,1.2821,-3.2653,False,0.5221,,,0.15039999999999998,,
t_minus_15_to_t_plus_9,T-15 買進，T+9 出場,6706,惠特科技股份有限公司,67061,2021-02-03,2021-01-12,2021-01-13,132.8458,2021-02-25,138.8295,4.5043,-5.7751,14.8148,False,1.2467,,,0.1744,,
t_plus_20_to_t_plus_210,T+20 買進，T+210 出場,6706,惠特科技股份有限公司,67061,2021-02-03,2021-03-12,2021-03-15,138.401,2021-12-16,206.4428,49.1628,4.9025,-6.652,False,1.2565,,,0.2974,,
t_minus_15_to_t_plus_9,T-15 買進，T+9 出場,3484,崧騰企業股份有限公司,34842,2021-02-05,2021-01-14,2021-01-15,54.4543,2021-03-02,59.5739,9.4017,23.104,81.2987,True,0.8567,,,0.5486,,
t_plus_20_to_t_plus_210,T+20 買進，T+210 出場,3484,崧騰企業股份有限公司,34842,2021-02-05,2021-03-16,2021-03-17,61.1253,2021-12-20,63.9809,4.6717,16.0,29.2079,True,0.6035,,,0.6646,,
t_minus_15_to_t_plus_9,T-15 買進，T+9 出場,3713,新晶投資控股股份有限公司,37131,2021-03-10,2021-02-04,2021-02-05,50.5,2021-03-23,52.7,4.3564,9.1703,22.399,False,1.2096,,,,,
t_plus_20_to_t_plus_210,T+20 買進，T+210 出場,3713,新晶投資控股股份有限公司,37131,2021-03-10,2021-04-09,2021-04-12,52.9,2022-01-11,36.9,-30.2457,-11.7949,18.2131,False,0.5366,,,1.4231,,
t_minus_15_to_t_plus_9,T-15 買進，T+9 出場,5457,宣德科技股份有限公司,54572,2021-03-10,2021-02-04,2021-02-05,74.2157,2021-03-23,72.3171,-2.5581,-14.4279,-20.7373,False,1.0836,,,-0.1128,,
t_plus_20_to_t_plus_210,T+20 買進，T+210 出場,5457,宣德科技股份有限公司,54572,2021-03-10,2021-04-09,2021-04-12,75.769,2022-01-11,68.0567,-10.1787,-8.9267,-7.4514,False,2.02,,,0.1112,,
t_minus_15_to_t_plus_9,T-15 買進，T+9 出場,3631,晟楠科技股份有限公司,36313,2021-03-12,2021-02-17,2021-02-18,48.545,2021-03-25,62.0627,27.8455,8.8889,-1.2097,True,2.1134,,,-0.452,,
t_plus_20_to_t_plus_210,T+20 買進，T+210 出場,3631,晟楠科技股份有限公司,36313,2021-03-12,2021-04-13,2021-04-14,55.3532,2022-01-13,46.7267,-15.5844,-14.2636,15.4489,False,0.9067,,,-0.5458,,
t_minus_15_to_t_plus_9,T-15 買進，T+9 出場,1815,富喬工業股份有限公司,18156,2021-03-16,2021-02-19,2021-02-22,13.5668,2021-03-29,14.0626,3.6545,6.2271,41.4634,True,1.3343,,,0.2839,,
t_plus_20_to_t_plus_210,T+20 買進，T+210 出場,1815,富喬工業股份有限公司,18156,2021-03-16,2021-04-15,2021-04-16,16.0007,2022-01-17,14.2879,-10.7042,16.1184,30.7407,True,2.0864,,,0.2858,,
t_minus_15_to_t_plus_9,T-15 買進，T+9 出場,3322,建舜電子製造股份有限公司,33223,2021-03-17,2021-02-22,2021-02-23,14.0395,2021-03-30,18.8289,34.1137,6.0284,92.6546,False,1.0982,,,0.7843000000000001,,
t_plus_20_to_t_plus_210,T+20 買進，T+210 出場,3322,建舜電子製造股份有限公司,33223,2021-03-17,2021-04-16,2021-04-19,22.1157,2022-01-18,21.787,-1.4862,29.4445,113.7615,True,0.6575,,,0.6019,,
t_minus_15_to_t_plus_9,T-15 買進，T+9 出場,3416,融程電訊股份有限公司,34162,2021-03-22,2021-02-25,2021-02-26,60.0879,2021-04-07,61.6306,2.5674,7.989,10.7345,True,2.151,,,0.937,,
t_plus_20_to_t_plus_210,T+20 買進，T+210 出場,3416,融程電訊股份有限公司,34162,2021-03-22,2021-04-21,2021-04-22,60.7821,2022-01-21,63.5794,4.6022,0.6427,8.0,False,0.8758,,,0.5852,,
t_minus_15_to_t_plus_9,T-15 買進，T+9 出場,8171,天宇工業股份有限公司,81713,2021-03-23,2021-02-26,2021-03-02,54.5237,2021-04-08,53.983,-0.9917,49.005,49.75,True,2.3125,,,1.3444999999999998,,
t_plus_20_to_t_plus_210,T+20 買進，T+210 出場,8171,天宇工業股份有限公司,81713,2021-03-23,2021-04-22,2021-04-23,54.525,2022-01-24,45.0951,-17.2945,6.3293,42.022,True,1.5111,,,-0.40259999999999996,,
t_minus_15_to_t_plus_9,T-15 買進，T+9 出場,2461,光群雷射科技股份有限公司,24616,2021-03-24,2021-03-02,2021-03-03,13.4303,2021-04-09,16.3321,21.6066,8.7613,-1.3699,True,1.1771,,,0.2805,,
t_plus_20_to_t_plus_210,T+20 買進，T+210 出場,2461,光群雷射科技股份有限公司,24616,2021-03-24,2021-04-23,2021-04-26,17.4482,2022-01-25,18.2407,4.5417,16.1209,32.4713,True,0.7271,,,0.2732,,
t_minus_15_to_t_plus_9,T-15 買進，T+9 出場,3149,正達國際光電股份有限公司,31493,2021-03-26,2021-03-04,2021-03-05,44.3724,2021-04-13,71.9325,62.1107,7.441,81.0398,True,0.7433,,,0.8573999999999999,,
t_plus_20_to_t_plus_210,T+20 買進，T+210 出場,3149,正達國際光電股份有限公司,31493,2021-03-26,2021-04-27,2021-04-28,64.0253,2022-02-07,42.9906,-32.8537,16.7582,28.9833,True,0.423,,,0.26890000000000003,,
t_minus_15_to_t_plus_9,T-15 買進，T+9 出場,3047,訊舟科技股份有限公司,30477,2021-03-30,2021-03-08,2021-03-09,11.3933,2021-04-15,12.425,9.0551,2.0243,-19.2308,False,0.7715,,,0.147,,
t_plus_20_to_t_plus_210,T+20 買進，T+210 出場,3047,訊舟科技股份有限公司,30477,2021-03-30,2021-04-29,2021-05-03,12.8736,2022-02-09,13.4426,4.4205,5.9041,16.6667,False,0.9648,,,-0.1219,,
t_minus_15_to_t_plus_9,T-15 買進，T+9 出場,8932,宏大拉鍊股份有限公司,89321,2021-04-15,2021-03-19,2021-03-22,4.1179,2021-04-28,4.3447,5.5097,-0.2801,-14.8325,False,1.509,,,-0.0072,,
t_plus_20_to_t_plus_210,T+20 買進，T+210 出場,8932,宏大拉鍊股份有限公司,89321,2021-04-15,2021-05-13,2021-05-14,4.2653,2022-02-22,5.9442,39.3617,-0.8174,1.676,False,0.9104,,,0.1869,,
t_minus_15_to_t_plus_9,T-15 買進，T+9 出場,3465,進泰電子科技股份有限公司,34653,2021-04-21,2021-03-25,2021-03-26,150.1104,2021-05-05,173.3016,15.4494,0.2809,6.25,False,0.8039,,,394.76160000000004,,
t_plus_20_to_t_plus_210,T+20 買進，T+210 出場,3465,進泰電子科技股份有限公司,34653,2021-04-21,2021-05-19,2021-05-20,161.0735,2022-03-01,141.9739,-11.8577,-15.7658,2.1858,False,1.0325,,,859.1699000000001,,
t_minus_15_to_t_plus_9,T-15 買進，T+9 出場,2610,中華航空股份有限公司,26107,2021-04-28,2021-04-01,2021-04-07,12.9996,2021-05-12,12.616,-2.9508,9.7122,27.6151,True,0.5738,,,-0.10769999999999999,,
t_plus_20_to_t_plus_210,T+20 買進，T+210 出場,2610,中華航空股份有限公司,26107,2021-04-28,2021-05-26,2021-05-27,13.4258,2022-03-08,20.8846,55.5555,-24.6377,29.4606,False,0.5221,,,0.3065,,
t_minus_15_to_t_plus_9,T-15 買進，T+9 出場,5498,凱崴電子股份有限公司,54983,2021-05-10,2021-04-15,2021-04-16,18.3264,2021-05-21,13.3325,-27.25,18.0473,14.3266,True,1.7637,,,0.25489999999999996,,
t_plus_20_to_t_plus_210,T+20 買進，T+210 出場,5498,凱崴電子股份有限公司,54983,2021-05-10,2021-06-04,2021-06-07,14.9818,2022-03-17,11.7151,-21.805,-13.4921,2.1875,True,0.498,,,0.2134,,
t_minus_15_to_t_plus_9,T-15 買進，T+9 出場,3580,友威科技股份有限公司,35802,2021-05-13,2021-04-20,2021-04-21,60.3389,2021-05-26,47.7154,-20.921,40.7407,25.0,False,0.7754,,,0.6336999999999999,,
t_plus_20_to_t_plus_210,T+20 買進，T+210 出場,3580,友威科技股份有限公司,35802,2021-05-13,2021-06-09,2021-06-10,52.3996,2022-03-22,55.2805,5.4979,20.1835,20.1835,True,0.6872,,,0.484,,
t_minus_15_to_t_plus_9,T-15 買進，T+9 出場,3512,皇龍開發股份有限公司,35121,2021-05-17,2021-04-22,2021-04-23,23.2163,2021-05-28,20.3458,-12.3641,0.5405,30.5263,False,0.4875,,,-0.6774,,
t_plus_20_to_t_plus_210,T+20 買進，T+210 出場,3512,皇龍開發股份有限公司,35121,2021-05-17,2021-06-11,2021-06-15,20.5036,2022-03-24,22.328,8.8983,-5.5152,-12.5,False,0.4238,,,-0.3779,,
t_minus_15_to_t_plus_9,T-15 買進，T+9 出場,6641,基士德科技股份有限公司,66411,2021-05-17,2021-04-22,2021-04-23,51.6775,2021-05-28,50.1381,-2.9787,-1.1158,7.7508,False,1.2185,,,,,
t_plus_20_to_t_plus_210,T+20 買進，T+210 出場,6641,基士德科技股份有限公司,66411,2021-05-17,2021-06-11,2021-06-15,49.2585,2022-03-24,50.603,2.7295,0.2976,3.0581,False,1.2359,,,,,
t_minus_15_to_t_plus_9,T-15 買進，T+9 出場,2603,長榮海運股份有限公司,26034,2021-05-18,2021-04-23,2021-04-26,61.617,2021-05-31,84.6161,37.3259,63.5088,83.7056,True,1.2405,,,1.3476,,
t_plus_20_to_t_plus_210,T+20 買進，T+210 出場,2603,長榮海運股份有限公司,26034,2021-05-18,2021-06-15,2021-06-16,118.4282,2022-03-25,115.917,-2.1205,115.5309,243.4343,True,0.8907,,,1.4534,,
t_minus_15_to_t_plus_9,T-15 買進，T+9 出場,5905,南仁湖育樂股份有限公司,59055,2021-05-18,2021-04-23,2021-04-26,12.9695,2021-05-31,12.3931,-4.4445,13.2479,32.5,True,1.771,,,0.2833,,
t_plus_20_to_t_plus_210,T+20 買進，T+210 出場,5905,南仁湖育樂股份有限公司,59055,2021-05-18,2021-06-15,2021-06-16,12.201,2022-03-25,13.6354,11.7567,25.1232,7.6271,False,0.5361,,,-0.29510000000000003,,
t_minus_15_to_t_plus_9,T-15 買進，T+9 出場,6163,華電聯網股份有限公司,61634,2021-05-25,2021-05-03,2021-05-04,18.8339,2021-06-07,17.0624,-9.406,2.5641,34.6801,False,1.1752,,,0.054299999999999994,,
t_plus_20_to_t_plus_210,T+20 買進，T+210 出場,6163,華電聯網股份有限公司,61634,2021-05-25,2021-06-22,2021-06-23,15.9436,2022-04-01,16.5962,4.0935,-9.3085,-6.0606,False,0.4665,,,-0.4086,,
t_minus_15_to_t_plus_9,T-15 買進，T+9 出場,4155,訊映光電股份有限公司,41552,2021-06-04,2021-05-13,2021-05-14,18.4,2021-06-18,19.1464,4.0568,-5.5984,-3.5503,False,0.9875,,,-0.2285,,
t_plus_20_to_t_plus_210,T+20 買進，T+210 出場,4155,訊映光電股份有限公司,41552,2021-06-04,2021-07-02,2021-07-05,19.3703,2022-04-15,18.5335,-4.3204,2.988,-3.1835,True,0.7565,,,0.2075,,
t_minus_15_to_t_plus_9,T-15 買進，T+9 出場,6727,亞泰金屬工業股份有限公司,67271,2021-06-10,2021-05-19,2021-05-20,43.6179,2021-06-24,54.3197,24.5353,-8.8136,9.4608,False,0.8365,,,0.1422,,
t_plus_20_to_t_plus_210,T+20 買進，T+210 出場,6727,亞泰金屬工業股份有限公司,67271,2021-06-10,2021-07-08,2021-07-09,55.698,2022-04-21,59.4665,6.766,6.0371,18.1034,True,0.9258,,,0.33509999999999995,,
t_minus_15_to_t_plus_9,T-15 買進，T+9 出場,6015,宏遠證券股份有限公司,60151,2021-06-11,2021-05-20,2021-05-21,13.945,2021-06-25,17.3186,24.1924,-9.7619,64.0693,False,0.7763,,,1.4683000000000002,,
t_plus_20_to_t_plus_210,T+20 買進，T+210 出場,6015,宏遠證券股份有限公司,60151,2021-06-11,2021-07-09,2021-07-12,18.3395,2022-04-22,12.1412,-33.7972,3.6333,70.4037,True,0.9815,,,1.3962999999999999,,
t_minus_15_to_t_plus_9,T-15 買進，T+9 出場,8097,常珵科技股份有限公司,80972,2021-06-21,2021-05-27,2021-05-28,21.6766,2021-07-02,27.3973,26.3911,26.6332,37.7049,False,0.4398,,,5.7315,,
t_plus_20_to_t_plus_210,T+20 買進，T+210 出場,8097,常珵科技股份有限公司,80972,2021-06-21,2021-07-16,2021-07-19,25.3459,2022-04-29,42.3496,67.0863,20.9089,60.7931,False,0.7146,,,3.4992,,
t_minus_15_to_t_plus_9,T-15 買進，T+9 出場,3597,映興電子股份有限公司,35971,2021-06-22,2021-05-28,2021-05-31,21.0134,2021-07-05,22.4705,6.9343,-18.2635,-17.6471,False,0.3449,,,0.3889,,
t_plus_20_to_t_plus_210,T+20 買進，T+210 出場,3597,映興電子股份有限公司,35971,2021-06-22,2021-07-19,2021-07-20,23.0074,2022-05-03,21.0266,-8.6093,0.3322,-8.346,True,0.5941,,,0.3788,,
t_minus_15_to_t_plus_9,T-15 買進，T+9 出場,6179,亞通利大能源股份有限公司,61792,2021-06-22,2021-05-28,2021-05-31,26.395,2021-07-05,26.5381,0.5423,-17.4707,-4.6687,False,0.6778,,,-0.0417,,
t_plus_20_to_t_plus_210,T+20 買進，T+210 出場,6179,亞通利大能源股份有限公司,61792,2021-06-22,2021-07-19,2021-07-20,26.7144,2022-05-03,27.5292,3.0497,-4.0341,-18.9836,False,0.8688,,,0.8533,,
t_minus_15_to_t_plus_9,T-15 買進，T+9 出場,3707,漢磊先進投資控股股份有限公司,37073,2021-06-22,2021-05-28,2021-05-31,66.3192,2021-07-05,79.2523,19.5013,3.9938,42.2269,False,1.237,,,0.1501,,
t_plus_20_to_t_plus_210,T+20 買進，T+210 出場,3707,漢磊先進投資控股股份有限公司,37073,2021-06-22,2021-07-19,2021-07-20,108.6523,2022-05-03,106.3472,-2.1216,32.5377,68.2893,True,2.0985,,,0.2663,,
t_minus_15_to_t_plus_9,T-15 買進，T+9 出場,1598,岱宇國際股份有限公司,15983,2021-06-28,2021-06-03,2021-06-04,71.9797,2021-07-09,73.2103,1.7097,-3.8657,-5.0251,True,0.7089,,,0.2993,,
t_plus_20_to_t_plus_210,T+20 買進，T+210 出場,1598,岱宇國際股份有限公司,15983,2021-06-28,2021-07-23,2021-07-26,68.8894,2022-05-09,32.5289,-52.7811,-15.7214,-13.2032,False,0.5084,,,-0.0932,,
t_minus_15_to_t_plus_9,T-15 買進，T+9 出場,6432,今展科技股份有限公司,64323,2021-07-02,2021-06-09,2021-06-10,31.4673,2021-07-15,36.0429,14.5408,9.6591,-3.0151,False,0.5004,,,0.40759999999999996,,
t_plus_20_to_t_plus_210,T+20 買進，T+210 出場,6432,今展科技股份有限公司,64323,2021-07-02,2021-07-29,2021-07-30,36.1633,2022-05-13,28.0453,-22.448,3.4247,16.7526,True,1.26,,,0.3031,,
t_minus_15_to_t_plus_9,T-15 買進，T+9 出場,4171,瑞基海洋生物科技股份有限公司,41712,2021-07-12,2021-06-18,2021-06-21,82.222,2021-07-23,74.3044,-9.6296,-20.5882,5.0584,False,0.9223,,,-0.0222,,
t_plus_20_to_t_plus_210,T+20 買進，T+210 出場,4171,瑞基海洋生物科技股份有限公司,41712,2021-07-12,2021-08-06,2021-08-09,76.436,2022-05-23,77.6091,1.5347,-9.1575,-2.7451,False,0.4737,,,0.5418999999999999,,
t_minus_15_to_t_plus_9,T-15 買進，T+9 出場,2482,連宇股份有限公司,24822,2021-07-12,2021-06-18,2021-06-21,11.1796,2021-07-23,12.5655,12.3967,12.5,6.5789,True,3.5634,,,-0.2158,,
t_plus_20_to_t_plus_210,T+20 買進，T+210 出場,2482,連宇股份有限公司,24822,2021-07-12,2021-08-06,2021-08-09,12.1497,2022-05-23,18.5249,52.4715,10.0,18.9189,False,0.1776,,,0.22399999999999998,,
t_minus_15_to_t_plus_9,T-15 買進，T+9 出場,5543,桓鼎股份有限公司,55431,2021-07-12,2021-06-18,2021-06-21,52.5881,2021-07-23,53.6399,2.0,2.0942,-9.5827,False,0.9943,,,,,
t_plus_20_to_t_plus_210,T+20 買進，T+210 出場,5543,桓鼎股份有限公司,55431,2021-07-12,2021-08-06,2021-08-09,56.9705,2022-05-23,51.5683,-9.4824,10.9244,5.0955,True,1.8536,,,,,
t_minus_15_to_t_plus_9,T-15 買進，T+9 出場,5543,桓鼎股份有限公司,55432,2021-07-13,2021-06-21,2021-06-22,49.1699,2021-07-26,53.7275,9.2692,1.0399,-7.8989,False,0.9914,,,,,
t_plus_20_to_t_plus_210,T+20 買進，T+210 出場,5543,桓鼎股份有限公司,55432,2021-07-13,2021-08-09,2021-08-10,55.6557,2022-05-24,50.5886,-9.1045,8.1772,0.4747,True,1.8945,,,,,
t_minus_15_to_t_plus_9,T-15 買進，T+9 出場,6175,立敦科技(股)有限公司,61754,2021-07-15,2021-06-23,2021-06-24,31.5715,2021-07-28,40.7084,28.9406,14.8649,1.1905,True,1.0778,,,0.1211,,
t_plus_20_to_t_plus_210,T+20 買進，T+210 出場,6175,立敦科技(股)有限公司,61754,2021-07-15,2021-08-11,2021-08-12,39.4032,2022-05-26,32.6691,-17.0901,0.0,52.381,True,0.9872,,,0.4131,,
t_minus_15_to_t_plus_9,T-15 買進，T+9 出場,6548,長華科技股份有限公司,65481,2021-07-19,2021-06-25,2021-06-28,23.8271,2021-07-30,33.5897,40.9722,20.7357,7.1043,True,1.4058,,,0.2097,,
t_plus_20_to_t_plus_210,T+20 買進，T+210 出場,6548,長華科技股份有限公司,65481,2021-07-19,2021-08-13,2021-08-16,30.7436,2022-05-30,31.2219,1.5557,-2.3859,69.2658,False,0.6265,,,0.4233,,
t_minus_15_to_t_plus_9,T-15 買進，T+9 出場,8109,博大科技股份有限公司,81091,2021-07-20,2021-06-28,2021-06-29,53.5551,2021-08-02,57.1638,6.7384,2.1127,2.9623,False,1.5717,,,0.1386,,
t_plus_20_to_t_plus_210,T+20 買進，T+210 出場,8109,博大科技股份有限公司,81091,2021-07-20,2021-08-16,2021-08-17,55.4563,2022-05-31,56.459,1.8081,1.3568,10.2015,False,0.5075,,,0.162,,
t_minus_15_to_t_plus_9,T-15 買進，T+9 出場,3042,台灣晶技股份有限公司,30425,2021-07-26,2021-07-02,2021-07-05,96.3996,2021-08-06,89.0689,-7.6046,20.0,24.6377,True,0.8471,,,0.6995,,
t_plus_20_to_t_plus_210,T+20 買進，T+210 出場,3042,台灣晶技股份有限公司,30425,2021-07-26,2021-08-20,2021-08-23,82.3453,2022-06-07,75.2112,-8.6636,-13.8612,6.017,False,0.7556,,,0.37070000000000003,,
t_minus_15_to_t_plus_9,T-15 買進，T+9 出場,6182,合晶科技股份有限公司,61827,2021-07-27,2021-07-05,2021-07-06,54.9907,2021-08-09,59.0194,7.3262,20.3883,29.1667,False,0.7045,,,0.3154,,
t_plus_20_to_t_plus_210,T+20 買進，T+210 出場,6182,合晶科技股份有限公司,61827,2021-07-27,2021-08-23,2021-08-24,60.3468,2022-06-08,55.1742,-8.5714,-6.7391,30.7121,False,0.5489,,,0.3081,,
t_minus_15_to_t_plus_9,T-15 買進，T+9 出場,2338,台灣光罩股份有限公司,23383,2021-08-03,2021-07-12,2021-07-13,79.9349,2021-08-16,69.2931,-13.313,1.8935,0.9379,True,1.926,,,0.3408,,
t_plus_20_to_t_plus_210,T+20 買進，T+210 出場,2338,台灣光罩股份有限公司,23383,2021-08-03,2021-08-30,2021-08-31,83.041,2022-06-15,87.2853,5.1111,-7.2597,10.7485,False,1.6777,,,0.29359999999999997,,
t_minus_15_to_t_plus_9,T-15 買進，T+9 出場,3028,增你強股份有限公司,30284,2021-08-03,2021-07-12,2021-07-13,19.8965,2021-08-16,19.2368,-3.3159,5.4556,6.0116,True,1.8345,,,0.2861,,
t_plus_20_to_t_plus_210,T+20 買進，T+210 出場,3028,增你強股份有限公司,30284,2021-08-03,2021-08-30,2021-08-31,19.4104,2022-06-15,25.8342,33.0948,-2.6132,6.1922,False,0.4908,,,0.0425,,
t_minus_15_to_t_plus_9,T-15 買進，T+9 出場,6150,撼訊科技股份有限公司,61505,2021-08-04,2021-07-13,2021-07-14,117.9178,2021-08-17,113.2428,-3.9646,-19.5402,-42.3868,False,0.6006,,,0.7754000000000001,,
t_plus_20_to_t_plus_210,T+20 買進，T+210 出場,6150,撼訊科技股份有限公司,61505,2021-08-04,2021-08-31,2021-09-01,118.7155,2022-06-16,69.0402,-41.844,-13.836,-12.4939,False,0.6758,,,0.8016,,
t_minus_15_to_t_plus_9,T-15 買進，T+9 出場,6477,安集科技股份有限公司,64773,2021-08-04,2021-07-13,2021-07-14,42.0284,2021-08-17,33.4212,-20.4793,1.2766,-32.0597,False,0.3317,,,-0.5821999999999999,,
t_plus_20_to_t_plus_210,T+20 買進，T+210 出場,6477,安集科技股份有限公司,64773,2021-08-04,2021-08-31,2021-09-01,36.1682,2022-06-16,41.7994,15.5696,-13.0243,-8.096,False,1.3185,,,-0.7429000000000001,,
t_minus_15_to_t_plus_9,T-15 買進，T+9 出場,2439,美律實業股份有限公司,24393,2021-08-11,2021-07-20,2021-07-21,84.1586,2021-08-24,80.652,-4.1667,2.381,-12.2449,True,2.5433,,,0.1769,,
t_plus_20_to_t_plus_210,T+20 買進，T+210 出場,2439,美律實業股份有限公司,24393,2021-08-11,2021-09-07,2021-09-08,79.8698,2022-06-23,64.3724,-19.4033,-6.6841,-4.0555,False,0.7769,,,-0.005600000000000001,,
t_minus_15_to_t_plus_9,T-15 買進，T+9 出場,6209,今國光學工業股份有限公司,62092,2021-08-13,2021-07-22,2021-07-23,31.4753,2021-08-26,29.1007,-7.5444,-3.592,-14.631,False,0.524,,,0.5539999999999999,,
t_plus_20_to_t_plus_210,T+20 買進，T+210 出場,6209,今國光學工業股份有限公司,62092,2021-08-13,2021-09-09,2021-09-10,27.5829,2022-06-27,27.7712,0.6826,-5.2664,-14.1303,False,0.7222,,,0.0253,,
t_minus_15_to_t_plus_9,T-15 買進，T+9 出場,3533,嘉澤端子工業股份有限公司,35331,2021-08-19,2021-07-28,2021-07-29,479.3678,2021-09-01,482.6369,0.682,-5.9931,7.2266,False,0.9775,,,0.0783,,
t_plus_20_to_t_plus_210,T+20 買進，T+210 出場,3533,嘉澤端子工業股份有限公司,35331,2021-08-19,2021-09-15,2021-09-16,516.6632,2022-07-01,546.2125,5.7192,16.7278,0.9915,True,2.3953,,,0.2054,,
t_minus_15_to_t_plus_9,T-15 買進，T+9 出場,3010,華立企業股份有限公司,30103,2021-08-24,2021-08-02,2021-08-03,63.4807,2021-09-06,64.3891,1.431,7.9327,12.25,True,0.8266,,,0.1562,,
t_plus_20_to_t_plus_210,T+20 買進，T+210 出場,3010,華立企業股份有限公司,30103,2021-08-24,2021-09-22,2021-09-23,61.7378,2022-07-06,63.6679,3.1262,2.8328,7.3975,False,0.6551,,,0.1858,,
t_minus_15_to_t_plus_9,T-15 買進，T+9 出場,6217,中國探針股份有限公司,62174,2021-08-27,2021-08-05,2021-08-06,37.4322,2021-09-09,39.3836,5.2133,12.3384,32.1936,True,1.0903,,,0.2273,,
t_plus_20_to_t_plus_210,T+20 買進，T+210 出場,6217,中國探針股份有限公司,62174,2021-08-27,2021-09-27,2021-09-28,44.1735,2022-07-11,54.5516,23.494,20.0963,40.1053,True,1.6004,,,0.1414,,
t_minus_15_to_t_plus_9,T-15 買進，T+9 出場,2618,長榮航空股份有限公司,26185,2021-09-01,2021-08-10,2021-08-11,15.734,2021-09-14,14.3409,-8.8542,3.7433,47.5285,False,0.7482,,,0.34340000000000004,,
t_plus_20_to_t_plus_210,T+20 買進，T+210 出場,2618,長榮航空股份有限公司,26185,2021-09-01,2021-09-30,2021-10-01,15.5291,2022-07-14,26.9609,73.6148,-1.5625,-8.9157,False,1.0859,,,0.4288,,
t_minus_15_to_t_plus_9,T-15 買進，T+9 出場,3339,泰谷光電科技股份有限公司,33394,2021-09-02,2021-08-11,2021-08-12,20.0345,2021-09-15,17.25,-13.8987,-16.9528,20.1863,False,0.718,,,-0.1276,,
t_plus_20_to_t_plus_210,T+20 買進，T+210 出場,3339,泰谷光電科技股份有限公司,33394,2021-09-02,2021-10-01,2021-10-04,18.65,2022-07-15,12.6,-32.4397,-6.0301,-27.8667,False,1.9354,,,-0.025099999999999997,,
t_minus_15_to_t_plus_9,T-15 買進，T+9 出場,6203,海韻電子工業股份有限公司,62031,2021-09-09,2021-08-18,2021-08-19,72.5287,2021-09-24,67.9812,-6.2699,-2.011,-5.2773,False,0.7273,,,0.9147,,
t_plus_20_to_t_plus_210,T+20 買進，T+210 出場,6203,海韻電子工業股份有限公司,62031,2021-09-09,2021-10-08,2021-10-12,57.0364,2022-07-22,42.0065,-26.3513,-10.7064,-15.0347,False,0.97,,,-0.08220000000000001,,
t_minus_15_to_t_plus_9,T-15 買進，T+9 出場,1582,信錦企業股份有限公司,15823,2021-09-09,2021-08-18,2021-08-19,51.0203,2021-09-24,52.9099,3.7037,-12.3358,-11.8057,False,1.117,,,0.0799,,
t_plus_20_to_t_plus_210,T+20 買進，T+210 出場,1582,信錦企業股份有限公司,15823,2021-09-09,2021-10-08,2021-10-12,52.9099,2022-07-22,51.2704,-3.0988,4.1729,-9.9103,False,0.7458,,,-0.1188,,
t_minus_15_to_t_plus_9,T-15 買進，T+9 出場,3018,同開科技工程股份有限公司,30184,2021-09-16,2021-08-25,2021-08-26,35.0,2021-10-01,34.6,-1.1429,3.3435,4.9383,False,0.6951,,,0.2227,,
t_plus_20_to_t_plus_210,T+20 買進，T+210 出場,3018,同開科技工程股份有限公司,30184,2021-09-16,2021-10-18,2021-10-19,33.3,2022-07-29,21.7,-34.8348,-5.0848,0.5988,False,0.8597,,,0.0834,,
t_minus_15_to_t_plus_9,T-15 買進，T+9 出場,6190,萬泰科技股份有限公司,61905,2021-09-17,2021-08-26,2021-08-27,20.6678,2021-10-04,20.4874,-0.8726,-2.3554,-0.2115,False,0.7008,,,0.823,,
t_plus_20_to_t_plus_210,T+20 買進，T+210 出場,6190,萬泰科技股份有限公司,61905,2021-09-17,2021-10-19,2021-10-20,19.2279,2022-08-01,30.398,58.093,-5.2596,-5.6077,False,0.4959,,,0.3716,,
t_minus_15_to_t_plus_9,T-15 買進，T+9 出場,1805,寶徠建設股份有限公司,18051,2021-09-24,2021-08-31,2021-09-01,20.3524,2021-10-07,18.8599,-7.3333,1.7182,7.2464,False,0.6164,,,0.5075999999999999,,
t_plus_20_to_t_plus_210,T+20 買進，T+210 出場,1805,寶徠建設股份有限公司,18051,2021-09-24,2021-10-22,2021-10-25,18.7243,2022-08-04,15.9427,-14.8551,-7.309,-3.125,False,0.5163,,,55.101800000000004,,
t_minus_15_to_t_plus_9,T-15 買進，T+9 出場,3122,笙泉科技股份有限公司,31221,2021-09-27,2021-09-01,2021-09-02,49.4651,2021-10-08,38.0751,-23.0263,1.3462,48.2419,False,1.0064,,,0.9520000000000001,,
t_plus_20_to_t_plus_210,T+20 買進，T+210 出場,3122,笙泉科技股份有限公司,31221,2021-09-27,2021-10-25,2021-10-26,40.818,2022-08-05,32.7496,-19.7668,-7.6271,-9.2612,False,0.9522,,,0.7039,,
t_minus_15_to_t_plus_9,T-15 買進，T+9 出場,8473,山林水環境工程股份有限公司,84732,2021-09-28,2021-09-02,2021-09-03,32.1564,2021-10-12,30.9115,-3.8717,-2.8011,-3.2896,False,0.5303,,,-0.1729,,
t_plus_20_to_t_plus_210,T+20 買進，T+210 出場,8473,山林水環境工程股份有限公司,84732,2021-09-28,2021-10-26,2021-10-27,31.6014,2022-08-08,27.5535,-12.8093,3.7031,-4.7616,True,0.6941,,,-0.025,,
t_minus_15_to_t_plus_9,T-15 買進，T+9 出場,3483,力致科技股份有限公司,34833,2021-09-29,2021-09-03,2021-09-06,60.5214,2021-10-13,54.4279,-10.0684,-7.064,-9.3649,False,0.8609,,,0.2108,,
t_plus_20_to_t_plus_210,T+20 買進，T+210 出場,3483,力致科技股份有限公司,34833,2021-09-29,2021-10-27,2021-10-28,55.1317,2022-08-09,45.7476,-17.0213,-3.9189,-16.6257,False,0.4701,,,0.2884,,
t_minus_15_to_t_plus_9,T-15 買進，T+9 出場,6275,元山科技工業股份有限公司,62756,2021-09-30,2021-09-06,2021-09-07,23.0565,2021-10-14,22.2101,-3.6713,-5.1155,-1.0789,False,0.5793,,,0.2334,,
t_plus_20_to_t_plus_210,T+20 買進，T+210 出場,6275,元山科技工業股份有限公司,62756,2021-09-30,2021-10-28,2021-10-29,25.1123,2022-08-10,25.9565,3.3618,6.5069,-0.48,True,0.8923,,,0.16649999999999998,,
t_minus_15_to_t_plus_9,T-15 買進，T+9 出場,6257,矽格股份有限公司,62574,2021-10-13,2021-09-16,2021-09-17,48.735,2021-10-26,44.6609,-8.3596,7.445,20.7368,False,0.5564,,,0.4107,,
t_plus_20_to_t_plus_210,T+20 買進，T+210 出場,6257,矽格股份有限公司,62574,2021-10-13,2021-11-09,2021-11-10,46.1215,2022-08-22,43.0221,-6.7201,8.2734,-8.2299,True,1.4102,,,0.2523,,
t_minus_15_to_t_plus_9,T-15 買進，T+9 出場,4714,永捷創新科技股份有限公司,47146,2021-10-15,2021-09-22,2021-09-23,12.8034,2021-10-28,12.7113,-0.7194,14.6341,5.618,True,3.6924,,,1.2717,,
t_plus_20_to_t_plus_210,T+20 買進，T+210 出場,4714,永捷創新科技股份有限公司,47146,2021-10-15,2021-11-11,2021-11-12,13.4482,2022-08-24,12.3035,-8.5118,3.5714,16.9355,True,1.7594,,,1.7753,,
t_minus_15_to_t_plus_9,T-15 買進，T+9 出場,8103,瀚荃股份有限公司,81034,2021-10-21,2021-09-28,2021-09-29,38.6054,2021-11-03,45.3694,17.5209,4.351,4.2278,False,0.7246,,,0.5207,,
t_plus_20_to_t_plus_210,T+20 買進，T+210 出場,8103,瀚荃股份有限公司,81034,2021-10-21,2021-11-17,2021-11-18,47.1179,2022-08-30,37.4874,-20.4392,17.757,25.241,True,0.8967,,,0.3506,,
t_minus_15_to_t_plus_9,T-15 買進，T+9 出場,3576,聯合再生能源股份有限公司,35763,2021-10-25,2021-09-30,2021-10-01,20.3592,2021-11-05,23.5229,15.5394,-3.5294,-10.0841,False,0.9366,,,-0.11720000000000001,,
t_plus_20_to_t_plus_210,T+20 買進，T+210 出場,3576,聯合再生能源股份有限公司,35763,2021-10-25,2021-11-19,2021-11-22,21.2849,2022-09-01,22.9758,7.9439,-5.9471,9.5976,False,0.7196,,,0.1816,,
t_minus_15_to_t_plus_9,T-15 買進，T+9 出場,6552,易華電子股份有限公司,65521,2021-10-25,2021-09-30,2021-10-01,54.6136,2021-11-05,54.3354,-0.5093,-8.5271,8.0868,False,0.4699,,,0.2021,,
t_plus_20_to_t_plus_210,T+20 買進，T+210 出場,6552,易華電子股份有限公司,65521,2021-10-25,2021-11-19,2021-11-22,53.5936,2022-09-01,38.5262,-28.1142,1.4159,-3.3285,False,1.3334,,,0.18109999999999998,,
t_minus_15_to_t_plus_9,T-15 買進，T+9 出場,4739,康普材料科技股份有限公司,47393,2021-10-28,2021-10-05,2021-10-06,95.6,2021-11-10,134.5593,40.7523,-5.3571,-4.0088,False,0.5223,,,0.494,,
t_plus_20_to_t_plus_210,T+20 買進，T+210 出場,4739,康普材料科技股份有限公司,47393,2021-10-28,2021-11-24,2021-11-25,133.6622,2022-09-06,112.129,-16.1102,-3.9088,22.9644,False,0.8444,,,0.6434000000000001,,
t_minus_15_to_t_plus_9,T-15 買進，T+9 出場,6509,聚和國際股份有限公司,65095,2021-10-29,2021-10-06,2021-10-07,47.8185,2021-11-11,59.5542,24.5421,-2.693,-2.49,False,0.7511,,,0.4171,,
t_plus_20_to_t_plus_210,T+20 買進，T+210 出場,6509,聚和國際股份有限公司,65095,2021-10-29,2021-11-25,2021-11-26,60.2549,2022-09-07,36.287,-39.7775,-5.487,15.4104,False,1.0406,,,0.1552,,
t_minus_15_to_t_plus_9,T-15 買進，T+9 出場,4714,永捷創新科技股份有限公司,47147,2021-11-05,2021-10-14,2021-10-15,13.0797,2021-11-18,13.8987,6.2612,1.8182,-5.7239,False,0.8321,,,2.0086,,
t_plus_20_to_t_plus_210,T+20 買進，T+210 出場,4714,永捷創新科技股份有限公司,47147,2021-11-05,2021-12-02,2021-12-03,13.6111,2022-09-15,12.007,-11.7851,4.8113,16.0859,False,0.3096,,,1.7753,,
t_minus_15_to_t_plus_9,T-15 買進，T+9 出場,3167,大量科技股份有限公司,31671,2021-11-08,2021-10-15,2021-10-18,62.3281,2021-11-19,87.4631,40.327,8.1967,11.5207,False,0.5367,,,0.7875,,
t_plus_20_to_t_plus_210,T+20 買進，T+210 出場,3167,大量科技股份有限公司,31671,2021-11-08,2021-12-03,2021-12-06,80.8397,2022-09-16,43.7677,-45.8586,9.6065,43.4848,False,0.4745,,,0.345,,
t_minus_15_to_t_plus_9,T-15 買進，T+9 出場,7402,邑錡股份有限公司,74021,2021-11-09,2021-10-18,2021-10-19,33.4337,2021-11-22,42.4755,27.044,-0.5051,-1.6319,False,0.8169,,,0.2988,,
t_plus_20_to_t_plus_210,T+20 買進，T+210 出場,7402,邑錡股份有限公司,74021,2021-11-09,2021-12-06,2021-12-07,42.1391,2022-09-19,43.1737,2.4554,-0.1969,29.8335,False,0.3362,,,1.426,,
t_minus_15_to_t_plus_9,T-15 買進，T+9 出場,6414,樺漢科技股份有限公司,64144,2021-11-16,2021-10-25,2021-10-26,150.7145,2021-11-29,192.4886,27.7174,-5.4721,-16.5561,False,0.99,,,0.0678,,
t_plus_20_to_t_plus_210,T+20 買進，T+210 出場,6414,樺漢科技股份有限公司,64144,2021-11-16,2021-12-13,2021-12-14,192.6523,2022-09-26,163.6552,-15.0516,2.4798,28.1654,False,0.8577,,,0.2962,,
t_minus_15_to_t_plus_9,T-15 買進，T+9 出場,1609,大亞電線電纜股份有限公司,16094,2021-11-22,2021-10-29,2021-11-01,19.9968,2021-12-03,19.3155,-3.4068,-2.2331,-10.4361,False,0.4712,,,0.4642,,
t_plus_20_to_t_plus_210,T+20 買進，T+210 出場,1609,大亞電線電纜股份有限公司,16094,2021-11-22,2021-12-17,2021-12-20,20.117,2022-09-30,15.7117,-21.8985,-1.5968,3.361,False,0.9387,,,0.37329999999999997,,
t_minus_15_to_t_plus_9,T-15 買進，T+9 出場,3605,宏致電子股份有限公司,36052,2021-11-22,2021-10-29,2021-11-01,45.1561,2021-12-03,47.169,4.4576,4.4004,-16.8437,True,1.4572,,,0.1724,,
t_plus_20_to_t_plus_210,T+20 買進，T+210 出場,3605,宏致電子股份有限公司,36052,2021-11-22,2021-12-17,2021-12-20,44.9273,2022-09-30,28.7313,-36.0493,-3.992,2.8517,False,0.3939,,,0.3265,,
t_minus_15_to_t_plus_9,T-15 買進，T+9 出場,6283,淳安電子股份有限公司,62832,2021-11-22,2021-10-29,2021-11-01,51.0,2021-12-03,46.2,-9.4118,7.4317,-10.9601,True,1.0617,,,-0.0873,,
t_plus_20_to_t_plus_210,T+20 買進，T+210 出場,6283,淳安電子股份有限公司,62832,2021-11-22,2021-12-17,2021-12-20,45.8,2022-09-30,32.5,-29.0393,-11.7878,-4.9735,False,0.4845,,,0.0771,,
t_minus_15_to_t_plus_9,T-15 買進，T+9 出場,2069,運錩鋼鐵股份有限公司,20694,2021-11-25,2021-11-03,2021-11-04,24.206,2021-12-08,27.6202,14.1046,-2.3511,-15.2173,False,0.6935,,,1.3803,,
t_plus_20_to_t_plus_210,T+20 買進，T+210 出場,2069,運錩鋼鐵股份有限公司,20694,2021-11-25,2021-12-22,2021-12-23,27.6202,2022-10-05,18.5426,-32.8656,-8.3548,3.1838,False,0.7067,,,1.0207,,
t_minus_15_to_t_plus_9,T-15 買進，T+9 出場,2066,世德工業股份有限公司,20661,2021-12-08,2021-11-16,2021-11-17,53.1232,2021-12-21,52.6989,-0.7987,19.4656,24.6769,True,3.1442,,,0.048499999999999995,,
t_plus_20_to_t_plus_210,T+20 買進，T+210 出場,2066,世德工業股份有限公司,20661,2021-12-08,2022-01-05,2022-01-06,51.9352,2022-10-19,69.1961,33.2355,5.9423,24.8,True,1.5841,,,0.1489,,
t_minus_15_to_t_plus_9,T-15 買進，T+9 出場,6578,達邦蛋白股份有限公司,65781,2021-12-08,2021-11-16,2021-11-17,15.8447,2021-12-21,16.4839,4.0344,2.0408,6.4443,True,0.9973,,,-0.299,,
t_plus_20_to_t_plus_210,T+20 買進，T+210 出場,6578,達邦蛋白股份有限公司,65781,2021-12-08,2022-01-05,2022-01-06,15.8836,2022-10-19,12.6053,-20.6395,-7.7333,3.1874,False,1.2149,,,-0.40619999999999995,,
t_minus_15_to_t_plus_9,T-15 買進，T+9 出場,2731,雄獅旅行社股份有限公司,27312,2021-12-09,2021-11-17,2021-11-18,76.8475,2021-12-22,70.7458,-7.9399,8.6247,14.3558,True,2.3511,,,-0.4507,,
t_plus_20_to_t_plus_210,T+20 買進，T+210 出場,2731,雄獅旅行社股份有限公司,27312,2021-12-09,2022-01-06,2022-01-07,70.416,2022-10-20,65.5512,-6.9087,0.1172,1.1848,False,1.2044,,,-0.4739,,
t_minus_15_to_t_plus_9,T-15 買進，T+9 出場,8927,北基國際股份有限公司,89276,2021-12-10,2021-11-18,2021-11-19,19.7975,2021-12-23,18.182,-8.1601,0.0,-1.9977,False,1.0376,,,0.4057,,
t_plus_20_to_t_plus_210,T+20 買進，T+210 出場,8927,北基國際股份有限公司,89276,2021-12-10,2022-01-07,2022-01-10,21.0911,2022-10-21,23.0634,9.351,11.3782,6.6942,True,1.3503,,,0.3569,,
t_minus_15_to_t_plus_9,T-15 買進，T+9 出場,8299,群聯電子股份有限公司,82991,2021-12-17,2021-11-25,2021-11-26,352.1056,2021-12-30,430.4475,22.2496,9.9227,1.1862,True,1.3148,,,0.35719999999999996,,
t_plus_20_to_t_plus_210,T+20 買進，T+210 出場,8299,群聯電子股份有限公司,82991,2021-12-17,2022-01-14,2022-01-17,379.5841,2022-10-28,256.5707,-32.4074,-2.3634,21.1774,False,0.7258,,,0.1959,,
t_minus_15_to_t_plus_9,T-15 買進，T+9 出場,1909,榮成紙業股份有限公司,19094,2021-12-20,2021-11-26,2021-11-29,21.8103,2022-01-03,21.9012,0.4167,1.4583,-13.6525,False,0.5407,,,0.2622,,
t_plus_20_to_t_plus_210,T+20 買進，T+210 出場,1909,榮成紙業股份有限公司,19094,2021-12-20,2022-01-17,2022-01-18,20.9016,2022-10-31,14.5856,-30.2174,-3.1646,-3.7736,False,0.8583,,,0.1845,,
t_minus_15_to_t_plus_9,T-15 買進，T+9 出場,3141,晶宏半導體股份有限公司,31412,2021-12-27,2021-12-03,2021-12-06,225.4611,2022-01-10,195.0308,-13.4969,9.8434,52.1673,False,0.8135,,,1.0844,,
t_plus_20_to_t_plus_210,T+20 買進，T+210 出場,3141,晶宏半導體股份有限公司,31412,2021-12-27,2022-01-24,2022-01-25,171.9775,2022-11-07,78.7157,-54.2291,-27.619,-12.037,False,1.041,,,0.6365,,
t_minus_15_to_t_plus_9,T-15 買進，T+9 出場,4566,時碩工業股份有限公司,45662,2022-01-03,2021-12-09,2021-12-10,39.2075,2022-01-14,39.8698,1.6892,8.0,0.1124,True,0.7312,,,0.028900000000000002,,
t_plus_20_to_t_plus_210,T+20 買進，T+210 出場,4566,時碩工業股份有限公司,45662,2022-01-03,2022-02-08,2022-02-09,39.1192,2022-11-11,47.4125,21.2,-11.6601,5.6738,False,0.8854,,,0.1233,,
t_minus_15_to_t_plus_9,T-15 買進，T+9 出場,6668,中揚光電股份有限公司,66683,2022-01-03,2021-12-09,2021-12-10,54.3,2022-01-14,51.1,-5.8932,10.4781,7.129,False,0.3291,,,-0.3943,,
t_plus_20_to_t_plus_210,T+20 買進，T+210 出場,6668,中揚光電股份有限公司,66683,2022-01-03,2022-02-08,2022-02-09,52.9,2022-11-11,36.25,-31.4745,-6.4632,2.7613,False,0.3998,,,-0.2982,,
t_minus_15_to_t_plus_9,T-15 買進，T+9 出場,3268,海德威電子工業股份有限公司,32681,2022-01-10,2021-12-16,2021-12-17,27.5667,2022-01-21,24.1797,-12.2867,-7.0968,-2.3729,False,0.6631,,,-0.18280000000000002,,
t_plus_20_to_t_plus_210,T+20 買進，T+210 出場,3268,海德威電子工業股份有限公司,32681,2022-01-10,2022-02-15,2022-02-16,25.0264,2022-11-18,23.4619,-6.2517,-13.1886,-0.9524,False,0.7573,,,-0.0493,,
t_minus_15_to_t_plus_9,T-15 買進，T+9 出場,8104,錸寶科技股份有限公司,81042,2022-01-11,2021-12-17,2021-12-20,57.8555,2022-01-24,67.2234,16.1919,36.2615,36.1224,True,1.6453,,,0.3049,,
t_plus_20_to_t_plus_210,T+20 買進，T+210 出場,8104,錸寶科技股份有限公司,81042,2022-01-11,2022-02-16,2022-02-17,62.4527,2022-11-21,30.6041,-50.9964,-11.971,55.8886,False,0.3593,,,-0.3306,,
t_minus_15_to_t_plus_9,T-15 買進，T+9 出場,2061,風青實業股份有限公司,20612,2022-01-12,2021-12-20,2021-12-21,21.2299,2022-01-25,21.5142,1.3393,2.765,13.486,True,1.5948,,,-0.1406,,
t_plus_20_to_t_plus_210,T+20 買進，T+210 出場,2061,風青實業股份有限公司,20612,2022-01-12,2022-02-17,2022-02-18,20.8508,2022-11-22,25.35,21.5782,-8.6066,17.0604,False,0.6933,,,-0.2726,,
t_minus_15_to_t_plus_9,T-15 買進，T+9 出場,6156,松上電子股份有限公司,61564,2022-01-12,2021-12-20,2021-12-21,16.9677,2022-01-25,18.9969,11.9593,9.0164,25.8675,True,2.8474,,,0.2486,,
t_plus_20_to_t_plus_210,T+20 買進，T+210 出場,6156,松上電子股份有限公司,61564,2022-01-12,2022-02-17,2022-02-18,18.9969,2022-11-22,19.304,1.6165,0.9132,30.7692,False,0.4562,,,0.0417,,
t_minus_15_to_t_plus_9,T-15 買進，T+9 出場,3138,耀登科技股份有限公司,31381,2022-01-18,2021-12-24,2021-12-27,198.8868,2022-02-09,175.6461,-11.6854,1.8433,25.2125,False,0.5981,,,0.44299999999999995,,
t_plus_20_to_t_plus_210,T+20 買進，T+210 出場,3138,耀登科技股份有限公司,31381,2022-01-18,2022-02-23,2022-02-24,157.3217,2022-11-28,123.6282,-21.417,-14.1827,-28.7425,False,0.7403,,,0.2738,,
t_minus_15_to_t_plus_9,T-15 買進，T+9 出場,6715,嘉基科技股份有限公司,67151,2022-01-19,2021-12-27,2021-12-28,106.8547,2022-02-10,108.2613,1.3163,6.1947,3.8961,True,1.446,,,-0.2482,,
t_plus_20_to_t_plus_210,T+20 買進，T+210 出場,6715,嘉基科技股份有限公司,67151,2022-01-19,2022-02-24,2022-02-25,103.3199,2022-11-29,116.3427,12.6043,-6.834,-0.8362,False,0.5426,,,0.07490000000000001,,
t_minus_15_to_t_plus_9,T-15 買進，T+9 出場,8147,正淩精密工業股份有限公司,81472,2022-01-21,2021-12-29,2021-12-30,56.1488,2022-02-14,55.9706,-0.3175,21.4559,35.1812,True,3.0259,,,0.3799,,
t_plus_20_to_t_plus_210,T+20 買進，T+210 出場,8147,正淩精密工業股份有限公司,81472,2022-01-21,2022-03-01,2022-03-02,58.1987,2022-12-01,55.3052,-4.9719,2.648,27.4662,True,1.3368,,,0.315,,
t_minus_15_to_t_plus_9,T-15 買進，T+9 出場,1532,勤美股份有限公司,15324,2022-01-24,2021-12-30,2022-01-03,26.8948,2022-02-15,28.558,6.184,2.322,8.7171,False,0.705,,,0.6123,,
t_plus_20_to_t_plus_210,T+20 買進，T+210 出場,1532,勤美股份有限公司,15324,2022-01-24,2022-03-02,2022-03-03,29.1259,2022-12-02,25.7591,-11.5596,8.1081,12.8527,False,0.6742,,,0.35509999999999997,,
t_minus_15_to_t_plus_9,T-15 買進，T+9 出場,8367,建新國際股份有限公司,83671,2022-01-25,2022-01-03,2022-01-04,39.1129,2022-02-16,37.0611,-5.246,-1.8315,-12.1311,False,0.7135,,,0.49670000000000003,,
t_plus_20_to_t_plus_210,T+20 買進，T+210 出場,8367,建新國際股份有限公司,83671,2022-01-25,2022-03-03,2022-03-04,39.4829,2022-12-05,28.0147,-29.046,12.7066,0.1953,True,1.2508,,,0.2505,,
t_minus_15_to_t_plus_9,T-15 買進，T+9 出場,1474,弘裕企業股份有限公司,14742,2022-01-26,2022-01-04,2022-01-05,14.0063,2022-02-17,13.6471,-2.5641,3.6545,1.6287,True,0.9704,,,0.0888,,
t_plus_20_to_t_plus_210,T+20 買進，T+210 出場,1474,弘裕企業股份有限公司,14742,2022-01-26,2022-03-04,2022-03-07,13.8267,2022-12-06,11.7067,-15.3325,3.3557,3.7037,True,2.472,,,0.1069,,
t_minus_15_to_t_plus_9,T-15 買進，T+9 出場,1533,車王電子股份有限公司,15332,2022-01-26,2022-01-04,2022-01-05,67.671,2022-02-17,61.2024,-9.5588,10.3986,45.7666,True,2.6862,,,0.0654,,
t_plus_20_to_t_plus_210,T+20 買進，T+210 出場,1533,車王電子股份有限公司,15332,2022-01-26,2022-03-04,2022-03-07,57.2218,2022-12-06,51.6,-9.8245,-0.1709,4.0998,False,0.4204,,,0.5402,,
t_minus_15_to_t_plus_9,T-15 買進，T+9 出場,3526,凡甲科技股份有限公司,35265,2022-02-14,2022-01-12,2022-01-13,131.4579,2022-02-25,132.9185,1.1111,8.8146,17.3771,False,0.9027,,,0.1066,,
t_plus_20_to_t_plus_210,T+20 買進，T+210 出場,3526,凡甲科技股份有限公司,35265,2022-02-14,2022-03-14,2022-03-15,138.7611,2022-12-14,96.3975,-30.5299,-3.7688,11.9883,False,1.3988,,,0.2968,,
t_minus_15_to_t_plus_9,T-15 買進，T+9 出場,3346,麗清科技股份有限公司,33464,2022-02-17,2022-01-17,2022-01-18,37.4829,2022-03-03,36.7297,-2.0095,-8.2609,3.813,False,1.0327,,,0.33020000000000005,,
t_plus_20_to_t_plus_210,T+20 買進，T+210 出場,3346,麗清科技股份有限公司,33464,2022-02-17,2022-03-17,2022-03-18,33.4417,2022-12-19,34.8386,4.1771,-13.1057,-19.0561,False,1.3106,,,-0.2821,,
t_minus_15_to_t_plus_9,T-15 買進，T+9 出場,6187,萬潤科技股份有限公司,61874,2022-02-22,2022-01-20,2022-01-21,108.9828,2022-03-08,113.0027,3.6885,8.2969,13.242,False,0.5228,,,0.0339,,
t_plus_20_to_t_plus_210,T+20 買進，T+210 出場,6187,萬潤科技股份有限公司,61874,2022-02-22,2022-03-22,2022-03-23,127.7422,2022-12-22,60.9988,-52.2485,8.3333,25.9912,True,0.9938,,,0.43329999999999996,,
t_minus_15_to_t_plus_9,T-15 買進，T+9 出場,6282,康舒科技股份有限公司,62821,2022-02-23,2022-01-21,2022-01-24,29.2188,2022-03-09,30.2878,3.6585,-8.1155,3.7267,False,0.2776,,,0.107,,
t_plus_20_to_t_plus_210,T+20 買進，T+210 出場,6282,康舒科技股份有限公司,62821,2022-02-23,2022-03-23,2022-03-24,31.5349,2022-12-23,27.946,-11.3807,3.3626,-1.8055,True,1.2444,,,0.3997,,
t_minus_15_to_t_plus_9,T-15 買進，T+9 出場,1617,榮星電線工業股份有限公司,16173,2022-03-02,2022-02-07,2022-02-08,15.799,2022-03-15,15.755,-0.2786,0.2785,6.1947,False,1.47,,,0.08380000000000001,,
t_plus_20_to_t_plus_210,T+20 買進，T+210 出場,1617,榮星電線工業股份有限公司,16173,2022-03-02,2022-03-29,2022-03-30,15.887,2022-12-29,14.1277,-11.0737,-2.6954,0.5571,False,0.719,,,0.1441,,
t_minus_15_to_t_plus_9,T-15 買進，T+9 出場,6290,良維科技股份有限公司,62909,2022-03-07,2022-02-10,2022-02-11,44.1706,2022-03-18,44.085,-0.1938,-0.1916,-0.9506,False,0.6449,,,0.0967,,
t_plus_20_to_t_plus_210,T+20 買進，T+210 出場,6290,良維科技股份有限公司,62909,2022-03-07,2022-04-01,2022-04-06,45.0266,2023-01-04,47.4832,5.4558,0.3817,-0.3788,True,0.7596,,,0.19690000000000002,,
t_minus_15_to_t_plus_9,T-15 買進，T+9 出場,8112,至上電子股份有限公司,81129,2022-03-10,2022-02-15,2022-02-16,34.9634,2022-03-23,34.7605,-0.5803,3.0488,14.7059,False,0.8918,,,0.33759999999999996,,
t_plus_20_to_t_plus_210,T+20 買進，T+210 出場,8112,至上電子股份有限公司,81129,2022-03-10,2022-04-08,2022-04-11,34.0843,2023-01-09,28.0197,-17.7928,-1.9455,-0.198,False,0.5959,,,-0.0276,,
t_minus_15_to_t_plus_9,T-15 買進，T+9 出場,4916,事欣科技股份有限公司,49163,2022-03-10,2022-02-15,2022-02-16,26.5804,2022-03-23,28.2,6.0932,-8.0,-10.8239,False,0.5498,,,0.3169,,
t_plus_20_to_t_plus_210,T+20 買進，T+210 出場,4916,事欣科技股份有限公司,49163,2022-03-10,2022-04-08,2022-04-11,28.0094,2023-01-09,26.5138,-5.3398,10.9849,-9.5679,False,0.5609,,,0.2602,,
t_minus_15_to_t_plus_9,T-15 買進，T+9 出場,2065,世豐螺絲股份有限公司,20652,2022-03-22,2022-02-25,2022-03-01,37.3515,2022-04-06,37.9153,1.5094,11.5834,12.9582,True,2.5683,,,0.0636,,
t_plus_20_to_t_plus_210,T+20 買進，T+210 出場,2065,世豐螺絲股份有限公司,20652,2022-03-22,2022-04-20,2022-04-21,35.8977,2023-01-31,42.5502,18.5317,-4.5581,8.1472,False,0.438,,,-0.2605,,
t_minus_15_to_t_plus_9,T-15 買進，T+9 出場,2012,春雨工廠股份有限公司,20121,2022-03-25,2022-03-03,2022-03-04,25.0973,2022-04-11,24.739,-1.4276,10.0694,6.3758,True,0.9461,,,0.07919999999999999,,
t_plus_20_to_t_plus_210,T+20 買進，T+210 出場,2012,春雨工廠股份有限公司,20121,2022-03-25,2022-04-25,2022-04-26,24.657,2023-02-03,21.8301,-11.4647,-5.6424,1.962,False,0.6311,,,0.4432,,
t_minus_15_to_t_plus_9,T-15 買進，T+9 出場,2012,春雨工廠股份有限公司,20122,2022-03-25,2022-03-03,2022-03-04,25.0973,2022-04-11,24.739,-1.4276,10.0694,6.3758,True,0.9461,,,0.07919999999999999,,
t_plus_20_to_t_plus_210,T+20 買進，T+210 出場,2012,春雨工廠股份有限公司,20122,2022-03-25,2022-04-25,2022-04-26,24.657,2023-02-03,21.8301,-11.4647,-5.6424,1.962,False,0.6311,,,0.4432,,
t_minus_15_to_t_plus_9,T-15 買進，T+9 出場,2012,春雨工廠股份有限公司,20123,2022-03-25,2022-03-03,2022-03-04,25.0973,2022-04-11,24.739,-1.4276,10.0694,6.3758,True,0.9461,,,0.07919999999999999,,
t_plus_20_to_t_plus_210,T+20 買進，T+210 出場,2012,春雨工廠股份有限公司,20123,2022-03-25,2022-04-25,2022-04-26,24.657,2023-02-03,21.8301,-11.4647,-5.6424,1.962,False,0.6311,,,0.4432,,
t_minus_15_to_t_plus_9,T-15 買進，T+9 出場,3016,嘉晶電子股份有限公司,30164,2022-03-29,2022-03-07,2022-03-08,90.8701,2022-04-13,101.0698,11.2245,-9.417,-30.8219,False,0.8302,,,0.3155,,
t_plus_20_to_t_plus_210,T+20 買進，T+210 出場,3016,嘉晶電子股份有限公司,30164,2022-03-29,2022-04-27,2022-04-28,86.4981,2023-02-07,73.654,-14.849,-23.4166,-23.0975,False,0.638,,,0.3419,,
t_minus_15_to_t_plus_9,T-15 買進，T+9 出場,2887,台新金融控股股份有限公司,288701,2022-04-01,2022-03-10,2022-03-11,14.2713,2022-04-18,14.7232,3.1662,-7.335,2.1563,False,1.2815,,,0.3994,,
t_plus_20_to_t_plus_210,T+20 買進，T+210 出場,2887,台新金融控股股份有限公司,288701,2022-04-01,2022-05-03,2022-05-04,14.5726,2023-02-10,13.2496,-9.0787,-5.8537,-3.5,False,0.8904,,,0.3232,,
t_minus_15_to_t_plus_9,T-15 買進，T+9 出場,3707,漢磊科技股份有限公司,37074,2022-04-07,2022-03-14,2022-03-15,116.5186,2022-04-20,120.6253,3.5245,0.0,-15.7343,False,1.3114,,,0.2869,,
t_plus_20_to_t_plus_210,T+20 買進，T+210 出場,3707,漢磊科技股份有限公司,37074,2022-04-07,2022-05-05,2022-05-06,105.3625,2023-02-14,95.894,-8.9866,-13.2852,6.7574,False,1.203,,,0.3298,,
t_minus_15_to_t_plus_9,T-15 買進，T+9 出場,6670,復盛應用科技股份有限公司,66701,2022-04-11,2022-03-16,2022-03-17,140.693,2022-04-22,156.8029,11.4504,-7.381,-2.75,False,0.6125,,,0.2953,,
t_plus_20_to_t_plus_210,T+20 買進，T+210 出場,6670,復盛應用科技股份有限公司,66701,2022-04-11,2022-05-09,2022-05-10,151.791,2023-02-16,171.7795,13.1684,4.4226,3.912,True,0.7957,,,0.3896,,
t_minus_15_to_t_plus_9,T-15 買進，T+9 出場,2383,台光電子材料股份有限公司,23835,2022-04-25,2022-03-30,2022-03-31,232.8493,2022-05-09,187.7961,-19.3487,-5.2631,-7.1174,False,0.5652,,,0.198,,
t_plus_20_to_t_plus_210,T+20 買進，T+210 出場,2383,台光電子材料股份有限公司,23835,2022-04-25,2022-05-23,2022-05-24,202.9625,2023-03-06,182.2735,-10.1935,-7.1869,-18.9964,False,1.0701,,,0.0407,,
t_minus_15_to_t_plus_9,T-15 買進，T+9 出場,4580,捷流閥業股份有限公司,45801,2022-04-26,2022-03-31,2022-04-01,73.6431,2022-05-10,69.5739,-5.5255,-1.858,3.6126,False,2.0339,,,0.19219999999999998,,
t_plus_20_to_t_plus_210,T+20 買進，T+210 出場,4580,捷流閥業股份有限公司,45801,2022-04-26,2022-05-24,2022-05-25,71.0899,2023-03-07,73.0727,2.7892,1.8265,-5.3541,True,1.0754,,,0.1371,,
t_minus_15_to_t_plus_9,T-15 買進，T+9 出場,3548,兆利科技工業股份有限公司,35481,2022-04-28,2022-04-06,2022-04-07,62.4239,2022-05-12,53.5676,-14.1873,-0.4098,15.8983,True,1.0972,,,0.32789999999999997,,
t_plus_20_to_t_plus_210,T+20 買進，T+210 出場,3548,兆利科技工業股份有限公司,35481,2022-04-28,2022-05-26,2022-05-27,56.1471,2023-03-09,60.4966,7.7465,5.2033,-12.5676,True,0.7192,,,-0.2984,,
t_minus_15_to_t_plus_9,T-15 買進，T+9 出場,5388,中磊電子股份有限公司,53886,2022-05-17,2022-04-22,2022-04-25,71.846,2022-05-30,69.2678,-3.5885,14.3125,27.0502,True,1.0848,,,0.4052,,
t_plus_20_to_t_plus_210,T+20 買進，T+210 出場,5388,中磊電子股份有限公司,53886,2022-05-17,2022-06-14,2022-06-15,68.2365,2023-03-27,78.8931,15.6171,2.1964,7.116,False,0.8418,,,0.47100000000000003,,
t_minus_15_to_t_plus_9,T-15 買進，T+9 出場,5351,鈺創科技股份有限公司,53513,2022-05-24,2022-04-29,2022-05-03,56.9882,2022-06-07,63.0743,10.6796,-25.5422,-16.8237,False,0.9894,,,0.4547,,
t_plus_20_to_t_plus_210,T+20 買進，T+210 出場,5351,鈺創科技股份有限公司,53513,2022-05-24,2022-06-21,2022-06-22,55.3283,2023-04-06,46.3793,-16.1744,-12.2059,-28.0723,False,0.7266,,,0.0934,,
t_minus_15_to_t_plus_9,T-15 買進，T+9 出場,4303,信立化學工業股份有限公司,43031,2022-05-27,2022-05-05,2022-05-06,18.311,2022-06-10,19.3324,5.5785,3.1579,4.9251,False,1.196,,,-0.0323,,
t_plus_20_to_t_plus_210,T+20 買進，T+210 出場,4303,信立化學工業股份有限公司,43031,2022-05-27,2022-06-24,2022-06-27,17.3273,2023-04-11,13.8663,-19.9743,-19.4296,-6.0291,False,0.4676,,,0.045700000000000005,,
t_minus_15_to_t_plus_9,T-15 買進，T+9 出場,6664,群翊工業股份有限公司,66641,2022-05-30,2022-05-06,2022-05-09,71.4805,2022-06-13,82.2151,15.0175,2.9976,1.5366,False,0.615,,,0.2812,,
t_plus_20_to_t_plus_210,T+20 買進，T+210 出場,6664,群翊工業股份有限公司,66641,2022-05-30,2022-06-27,2022-06-28,69.0673,2023-04-12,107.9146,56.2455,-16.6169,-1.7585,False,0.9132,,,0.401,,
t_minus_15_to_t_plus_9,T-15 買進，T+9 出場,3033,威健實業股份有限公司,30336,2022-06-01,2022-05-10,2022-05-11,21.8301,2022-06-15,22.1212,1.3333,-2.9032,-5.0473,False,1.4422,,,-0.1649,,
t_plus_20_to_t_plus_210,T+20 買進，T+210 出場,3033,威健實業股份有限公司,30336,2022-06-01,2022-06-29,2022-06-30,20.9933,2023-04-14,25.1016,19.5694,-7.0854,-10.8192,False,1.0479,,,-0.1108,,
t_minus_15_to_t_plus_9,T-15 買進，T+9 出場,1342,八貫企業股份有限公司,13421,2022-06-02,2022-05-11,2022-05-12,49.3701,2022-06-16,53.2814,7.9224,6.875,2.7027,True,1.2013,,,0.5841,,
t_plus_20_to_t_plus_210,T+20 買進，T+210 出場,1342,八貫企業股份有限公司,13421,2022-06-02,2022-06-30,2022-07-01,48.2106,2023-04-17,123.522,156.2136,-10.0424,4.4074,False,0.4389,,,0.3845,,
t_minus_15_to_t_plus_9,T-15 買進，T+9 出場,6570,維田科技股份有限公司,65701,2022-06-06,2022-05-12,2022-05-13,32.0814,2022-06-17,31.6141,-1.4563,-7.2104,-9.8737,False,0.9584,,,0.041100000000000005,,
t_plus_20_to_t_plus_210,T+20 買進，T+210 出場,6570,維田科技股份有限公司,65701,2022-06-06,2022-07-01,2022-07-04,32.4668,2023-04-18,56.3156,73.456,2.4448,-2.3536,True,1.8653,,,0.2075,,
t_minus_15_to_t_plus_9,T-15 買進，T+9 出場,6761,穩得實業股份有限公司,67611,2022-06-08,2022-05-16,2022-05-17,69.4501,2022-06-21,69.3093,-0.2028,-7.0094,-25.7463,False,1.1286,,,-0.0138,,
t_plus_20_to_t_plus_210,T+20 買進，T+210 出場,6761,穩得實業股份有限公司,67611,2022-06-08,2022-07-05,2022-07-06,60.5047,2023-04-20,74.042,22.374,-26.6383,-23.3778,False,0.6682,,,0.0278,,
t_minus_15_to_t_plus_9,T-15 買進，T+9 出場,9921,巨大機械工業股份有限公司,99211,2022-06-13,2022-05-19,2022-05-20,208.1619,2022-06-24,224.4451,7.8224,-9.213,-21.0351,False,1.2766,,,-0.15410000000000001,,
t_plus_20_to_t_plus_210,T+20 買進，T+210 出場,9921,巨大機械工業股份有限公司,99211,2022-06-13,2022-07-08,2022-07-11,200.6804,2023-04-25,166.8508,-16.8575,-9.703,-14.2857,False,1.2128,,,0.218,,
t_minus_15_to_t_plus_9,T-15 買進，T+9 出場,6134,萬旭電業股份有限公司,61342,2022-06-14,2022-05-20,2022-05-23,20.8437,2022-06-27,24.5394,17.7305,-12.6556,-24.9554,False,0.8062,,,-0.4596,,
t_plus_20_to_t_plus_210,T+20 買進，T+210 出場,6134,萬旭電業股份有限公司,61342,2022-06-14,2022-07-11,2022-07-12,22.2727,2023-04-26,24.1535,8.4444,-7.7551,-7.5665,False,0.4387,,,0.027999999999999997,,
t_minus_15_to_t_plus_9,T-15 買進，T+9 出場,3645,達邁科技股份有限公司,36451,2022-06-21,2022-05-27,2022-05-30,48.3126,2022-07-04,38.8062,-19.6768,-1.5094,3.1621,False,1.0369,,,0.0784,,
t_plus_20_to_t_plus_210,T+20 買進，T+210 出場,3645,達邁科技股份有限公司,36451,2022-06-21,2022-07-18,2022-07-19,36.2344,2023-05-04,31.9352,-11.8649,-27.1639,-35.4812,False,0.3714,,,-0.0969,,
t_minus_15_to_t_plus_9,T-15 買進，T+9 出場,6285,啟碁科技股份有限公司,62853,2022-06-27,2022-06-02,2022-06-06,54.0208,2022-07-08,57.5114,6.4615,-7.8459,-6.7821,False,0.3292,,,-0.0204,,
t_plus_20_to_t_plus_210,T+20 買進，T+210 出場,6285,啟碁科技股份有限公司,62853,2022-06-27,2022-07-22,2022-07-25,62.1977,2023-05-10,81.7578,31.4483,7.0656,-0.2149,True,1.3363,,,0.6087,,
t_minus_15_to_t_plus_9,T-15 買進，T+9 出場,2497,怡利電子工業股份有限公司,24972,2022-07-07,2022-06-15,2022-06-16,76.5832,2022-07-20,68.9961,-9.907,5.4194,-22.9245,True,0.5511,,,0.284,,
t_plus_20_to_t_plus_210,T+20 買進，T+210 出場,2497,怡利電子工業股份有限公司,24972,2022-07-07,2022-08-03,2022-08-04,63.8168,2023-05-22,64.0942,0.4348,8.5578,-9.5557,False,0.6218,,,0.7803,,
t_minus_15_to_t_plus_9,T-15 買進，T+9 出場,3680,家登精密工業股份有限公司,36803,2022-07-07,2022-06-15,2022-06-16,223.4691,2022-07-20,189.1947,-15.3374,9.9548,-1.8182,False,0.6325,,,0.35950000000000004,,
t_plus_20_to_t_plus_210,T+20 買進，T+210 出場,3680,家登精密工業股份有限公司,36803,2022-07-07,2022-08-03,2022-08-04,214.7862,2023-05-22,340.9401,58.7346,40.7738,11.1701,True,2.0412,,,0.8774,,
t_minus_15_to_t_plus_9,T-15 買進，T+9 出場,8027,鈦昇科技股份有限公司,80273,2022-07-13,2022-06-21,2022-06-22,64.4883,2022-07-26,63.5301,-1.4859,-9.7641,-3.3096,False,0.6714,,,0.5018,,
t_plus_20_to_t_plus_210,T+20 買進，T+210 出場,8027,鈦昇科技股份有限公司,80273,2022-07-13,2022-08-09,2022-08-10,59.3139,2023-05-26,46.0087,-22.4319,4.7458,-14.4511,False,1.3047,,,-0.3404,,
t_minus_15_to_t_plus_9,T-15 買進，T+9 出場,8938,明安國際企業股份有限公司,89383,2022-07-20,2022-06-28,2022-06-29,61.8188,2022-08-02,64.7701,4.7742,-8.4765,6.9134,False,1.1229,,,0.1447,,
t_plus_20_to_t_plus_210,T+20 買進，T+210 出場,8938,明安國際企業股份有限公司,89383,2022-07-20,2022-08-16,2022-08-17,71.311,2023-06-02,69.0459,-3.1763,9.8015,2.0208,True,1.5371,,,0.1161,,
t_minus_15_to_t_plus_9,T-15 買進，T+9 出場,6477,安集科技股份有限公司,64774,2022-07-21,2022-06-29,2022-06-30,49.4629,2022-08-03,47.1473,-4.6816,3.6554,-11.1766,False,2.5528,,,0.9101,,
t_plus_20_to_t_plus_210,T+20 買進，T+210 出場,6477,安集科技股份有限公司,64774,2022-07-21,2022-08-17,2022-08-18,51.5934,2023-06-05,48.3514,-6.2837,7.3077,12.2213,False,0.8484,,,2.4123,,
t_minus_15_to_t_plus_9,T-15 買進，T+9 出場,3209,全科科技股份有限公司,32094,2022-07-21,2022-06-29,2022-06-30,25.826,2022-08-03,27.3408,5.8654,-3.0928,-0.5291,False,0.4423,,,0.3293,,
t_plus_20_to_t_plus_210,T+20 買進，T+210 出場,3209,全科科技股份有限公司,32094,2022-07-21,2022-08-17,2022-08-18,31.0872,2023-06-05,33.6379,8.2051,15.8914,15.5931,True,1.3159,,,0.45770000000000005,,
t_minus_15_to_t_plus_9,T-15 買進，T+9 出場,2641,正德海運股份有限公司,26415,2022-07-28,2022-07-06,2022-07-07,15.9632,2022-08-10,18.3556,14.9871,-29.4334,-20.4008,False,0.8893,,,0.1079,,
t_plus_20_to_t_plus_210,T+20 買進，T+210 出場,2641,正德海運股份有限公司,26415,2022-07-28,2022-08-24,2022-08-25,17.0744,2023-06-12,16.3335,-4.3389,-0.7056,-21.8997,False,1.0603,,,0.317,,
t_minus_15_to_t_plus_9,T-15 買進，T+9 出場,4968,立積電子股份有限公司,49681,2022-07-29,2022-07-07,2022-07-08,128.1663,2022-08-11,132.5457,3.4169,-38.7249,-33.6948,False,1.4899,,,-0.4902,,
t_plus_20_to_t_plus_210,T+20 買進，T+210 出場,4968,立積電子股份有限公司,49681,2022-07-29,2022-08-25,2022-08-26,144.2841,2023-06-13,179.01,24.0678,5.7971,-32.4849,True,0.7126,,,-0.2644,,
t_minus_15_to_t_plus_9,T-15 買進，T+9 出場,5009,榮剛材料科技股份有限公司,50096,2022-08-15,2022-07-22,2022-07-25,24.4789,2022-08-26,23.8628,-2.5168,14.902,1.7361,True,2.1382,,,0.48869999999999997,,
t_plus_20_to_t_plus_210,T+20 買進，T+210 出場,5009,榮剛材料科技股份有限公司,50096,2022-08-15,2022-09-12,2022-09-13,23.6164,2023-06-30,49.3265,108.8658,-4.3333,2.8674,False,0.713,,,0.305,,
t_minus_15_to_t_plus_9,T-15 買進，T+9 出場,6603,富強鑫精密工業股份有限公司,66033,2022-08-24,2022-08-02,2022-08-03,15.3748,2022-09-06,15.244,-0.8511,2.6706,-2.2599,True,1.5046,,,0.0108,,
t_plus_20_to_t_plus_210,T+20 買進，T+210 出場,6603,富強鑫精密工業股份有限公司,66033,2022-08-24,2022-09-21,2022-09-22,16.0341,2023-07-11,15.6158,-2.6087,-12.5628,5.1946,False,0.5302,,,-0.21789999999999998,,
t_minus_15_to_t_plus_9,T-15 買進，T+9 出場,5245,智晶光電股份有限公司,52451,2022-08-25,2022-08-03,2022-08-04,58.5517,2022-09-07,57.6073,-1.6129,22.5925,6.6865,True,1.3488,,,0.1555,,
t_plus_20_to_t_plus_210,T+20 買進，T+210 出場,5245,智晶光電股份有限公司,52451,2022-08-25,2022-09-22,2022-09-23,56.5685,2023-07-12,41.9306,-25.8765,-9.9698,-3.2599,False,0.4787,,,-0.0051,,
t_minus_15_to_t_plus_9,T-15 買進，T+9 出場,6104,創惟科技股份有限公司,61041,2022-08-26,2022-08-04,2022-08-05,103.2399,2022-09-08,93.4075,-9.5238,-10.1563,-40.874,False,0.6567,,,-0.0659,,
t_plus_20_to_t_plus_210,T+20 買進，T+210 出場,6104,創惟科技股份有限公司,61041,2022-08-26,2022-09-23,2022-09-26,84.9159,2023-07-13,100.2516,18.0599,-23.937,-35.1678,False,0.8384,,,-0.3754,,
t_minus_15_to_t_plus_9,T-15 買進，T+9 出場,2231,為升電裝工業股份有限公司,22313,2022-08-29,2022-08-05,2022-08-08,109.8752,2022-09-12,132.4966,20.5882,1.4815,-0.7298,True,1.841,,,0.3086,,
t_plus_20_to_t_plus_210,T+20 買進，T+210 出場,2231,為升電裝工業股份有限公司,22313,2022-08-29,2022-09-26,2022-09-27,129.6689,2023-07-14,145.7463,12.3988,-5.3255,23.0769,True,0.9205,,,0.022799999999999997,,
t_minus_15_to_t_plus_9,T-15 買進，T+9 出場,4555,台灣氣立股份有限公司,45553,2022-09-05,2022-08-12,2022-08-15,52.5735,2022-09-19,49.7399,-5.3897,0.0,-2.5641,False,0.6959,,,-0.0452,,
t_plus_20_to_t_plus_210,T+20 買進，T+210 出場,4555,台灣氣立股份有限公司,45553,2022-09-05,2022-10-03,2022-10-04,47.8559,2023-07-21,51.3969,7.3994,-8.3789,-8.277,False,0.7916,,,-0.2069,,
t_minus_15_to_t_plus_9,T-15 買進，T+9 出場,3322,建舜電子製造股份有限公司,33224,2022-09-06,2022-08-15,2022-08-16,17.5141,2022-09-20,18.9269,8.0663,4.8158,-8.1886,False,0.3592,,,-0.2726,,
t_plus_20_to_t_plus_210,T+20 買進，T+210 出場,3322,建舜電子製造股份有限公司,33224,2022-09-06,2022-10-04,2022-10-05,17.9155,2023-07-24,20.8533,16.3978,-14.2126,13.5114,False,0.5455,,,-0.1341,,
t_minus_15_to_t_plus_9,T-15 買進，T+9 出場,6469,大樹醫藥股份有限公司,64692,2022-09-12,2022-08-18,2022-08-19,181.5155,2022-09-23,164.8008,-9.2084,18.8258,37.4554,True,1.2009,,,0.2115,,
t_plus_20_to_t_plus_210,T+20 買進，T+210 出場,6469,大樹醫藥股份有限公司,64692,2022-09-12,2022-10-07,2022-10-11,165.6805,2023-07-27,248.415,49.9361,-3.872,10.9346,False,1.0891,,,0.2747,,
t_minus_15_to_t_plus_9,T-15 買進，T+9 出場,6472,保瑞藥業股份有限公司,64722,2022-09-28,2022-09-05,2022-09-06,185.6861,2022-10-12,211.2025,13.7417,37.2054,73.6159,True,0.4118,,,0.2945,,
t_plus_20_to_t_plus_210,T+20 買進，T+210 出場,6472,保瑞藥業股份有限公司,64722,2022-09-28,2022-10-26,2022-10-27,163.2439,2023-08-15,564.389,245.7336,-12.3177,34.0839,False,0.6665,,,3.0864999999999996,,
t_minus_15_to_t_plus_9,T-15 買進，T+9 出場,4155,訊映光電股份有限公司,41553,2022-09-28,2022-09-05,2022-09-06,20.2317,2022-10-12,19.7373,-2.444,7.2369,7.8012,True,1.9496,,,-0.33240000000000003,,
t_plus_20_to_t_plus_210,T+20 買進，T+210 出場,4155,訊映光電股份有限公司,41553,2022-09-28,2022-10-26,2022-10-27,18.6247,2023-08-15,27.1954,46.0177,-8.9069,-1.9608,False,0.2893,,,-0.0302,,
t_minus_15_to_t_plus_9,T-15 買進，T+9 出場,2358,廷鑫興業股份有限公司,23581,2022-09-28,2022-09-05,2022-09-06,14.23,2022-10-12,13.7568,-3.3255,-3.9604,-24.6114,False,0.3863,,,,,
t_plus_20_to_t_plus_210,T+20 買進，T+210 出場,2358,廷鑫興業股份有限公司,23581,2022-09-28,2022-10-26,2022-10-27,14.1498,2023-08-15,9.14,-35.4055,3.2967,-20.8569,False,0.3086,,,,,
t_minus_15_to_t_plus_9,T-15 買進，T+9 出場,5011,久陽精密股份有限公司,50114,2022-09-30,2022-09-07,2022-09-08,21.4425,2022-10-14,18.1303,-15.4472,-10.2564,-17.955,False,0.6941,,,0.23579999999999998,,
t_plus_20_to_t_plus_210,T+20 買進，T+210 出場,5011,久陽精密股份有限公司,50114,2022-09-30,2022-10-28,2022-10-31,17.8688,2023-08-17,20.0729,12.335,-5.3613,-24.6753,False,0.4263,,,0.4257,,
t_minus_15_to_t_plus_9,T-15 買進，T+9 出場,4416,三圓建設股份有限公司,44163,2022-09-30,2022-09-07,2022-09-08,63.7468,2022-10-14,63.7468,0.0,1.933,-6.9069,True,1.175,,,0.078,,
t_plus_20_to_t_plus_210,T+20 買進，T+210 出場,4416,三圓建設股份有限公司,44163,2022-09-30,2022-10-28,2022-10-31,64.9634,2023-08-17,62.3681,-3.995,-3.25,0.0469,False,0.4443,,,0.1628,,
t_minus_15_to_t_plus_9,T-15 買進，T+9 出場,4438,廣越企業股份有限公司,44382,2022-10-03,2022-09-08,2022-09-12,119.2497,2022-10-17,120.978,1.4493,20.9083,25.7232,True,1.0669,,,0.7748999999999999,,
t_plus_20_to_t_plus_210,T+20 買進，T+210 出場,4438,廣越企業股份有限公司,44382,2022-10-03,2022-10-31,2022-11-01,107.1519,2023-08-18,101.5351,-5.2419,-7.7491,18.4881,False,0.4003,,,1.2743,,
t_minus_15_to_t_plus_9,T-15 買進，T+9 出場,4538,大詠城機械股份有限公司,45381,2022-10-03,2022-09-08,2022-09-12,16.1564,2022-10-17,17.2447,6.7358,1.5385,-1.4925,True,0.578,,,0.41359999999999997,,
t_plus_20_to_t_plus_210,T+20 買進，T+210 出場,4538,大詠城機械股份有限公司,45381,2022-10-03,2022-10-31,2022-11-01,16.5331,2023-08-18,17.2661,4.4334,2.3316,8.5165,True,0.0783,,,0.5837,,
t_minus_15_to_t_plus_9,T-15 買進，T+9 出場,1786,科妍生物科技股份有限公司,17862,2022-10-03,2022-09-08,2022-09-12,42.2383,2022-10-17,39.1029,-7.4231,11.6945,19.2125,False,0.6848,,,-0.2974,,
t_plus_20_to_t_plus_210,T+20 買進，T+210 出場,1786,科妍生物科技股份有限公司,17862,2022-10-03,2022-10-31,2022-11-01,43.2237,2023-08-18,73.5528,70.1678,2.4758,19.2982,False,0.9429,,,0.6452,,
t_minus_15_to_t_plus_9,T-15 買進，T+9 出場,4540,全球傳動科技股份有限公司,45401,2022-10-24,2022-09-29,2022-09-30,36.0193,2022-11-04,33.2964,-7.5597,-19.0332,-7.8786,False,1.2972,,,-0.0329,,
t_plus_20_to_t_plus_210,T+20 買進，T+210 出場,4540,全球傳動科技股份有限公司,45401,2022-10-24,2022-11-18,2022-11-21,35.0639,2023-09-07,31.95,-8.8806,13.0435,-18.3299,True,1.5607,,,-0.07519999999999999,,
t_minus_15_to_t_plus_9,T-15 買進，T+9 出場,6248,沛波鋼鐵股份有限公司,62484,2022-10-26,2022-10-03,2022-10-04,16.6368,2022-11-08,16.9662,1.9802,-3.8462,3.3592,False,1.0142,,,0.9301999999999999,,
t_plus_20_to_t_plus_210,T+20 買進，T+210 出場,6248,沛波鋼鐵股份有限公司,62484,2022-10-26,2022-11-22,2022-11-23,17.1721,2023-09-11,23.778,38.4691,4.0201,-3.7209,True,0.7911,,,0.1789,,
t_minus_15_to_t_plus_9,T-15 買進，T+9 出場,6190,萬泰科技股份有限公司,61906,2022-10-31,2022-10-06,2022-10-07,30.9221,2022-11-11,27.5155,-11.017,-6.3158,9.735,False,0.7082,,,0.2817,,
t_plus_20_to_t_plus_210,T+20 買進，T+210 出場,6190,萬泰科技股份有限公司,61906,2022-10-31,2022-11-25,2022-11-28,27.5155,2023-09-14,30.7838,11.8783,7.2635,-24.0431,False,0.884,,,-0.0922,,
t_minus_15_to_t_plus_9,T-15 買進，T+9 出場,3388,崇越電通股份有限公司,33881,2022-11-09,2022-10-18,2022-10-19,58.9008,2022-11-22,59.0654,0.2793,-6.2663,-6.9948,False,0.9924,,,-0.22260000000000002,,
t_plus_20_to_t_plus_210,T+20 買進，T+210 出場,3388,崇越電通股份有限公司,33881,2022-11-09,2022-12-06,2022-12-07,59.9703,2023-09-25,60.4568,0.8114,0.1374,-5.9355,False,1.0585,,,-0.31,,
t_minus_15_to_t_plus_9,T-15 買進，T+9 出場,1599,宏佳騰動力科技股份有限公司,15991,2022-11-18,2022-10-27,2022-10-28,38.7454,2022-12-01,39.5005,1.9489,-1.4406,-2.5956,False,1.4667,,,-0.2923,,
t_plus_20_to_t_plus_210,T+20 買進，T+210 出場,1599,宏佳騰動力科技股份有限公司,15991,2022-11-18,2022-12-15,2022-12-16,38.3679,2023-10-05,35.2472,-8.1335,-1.9231,-10.3297,False,1.3754,,,-0.2173,,
t_minus_15_to_t_plus_9,T-15 買進，T+9 出場,8422,可寧衛股份有限公司,84221,2022-11-22,2022-10-31,2022-11-01,13.6775,2022-12-05,14.4965,5.988,-4.298,-1.7647,False,0.696,,,0.8785,,
t_plus_20_to_t_plus_210,T+20 買進，T+210 出場,8422,可寧衛股份有限公司,84221,2022-11-22,2022-12-19,2022-12-20,14.8241,2023-10-11,15.1827,2.4187,7.0796,0.2762,True,1.0475,,,0.8226,,
t_minus_15_to_t_plus_9,T-15 買進，T+9 出場,8050,廣積科技股份有限公司,80506,2022-11-22,2022-10-31,2022-11-01,57.0138,2022-12-05,66.0516,15.8518,-0.1499,-5.2632,False,0.6856,,,0.4585,,
t_plus_20_to_t_plus_210,T+20 買進，T+210 出場,8050,廣積科技股份有限公司,80506,2022-11-22,2022-12-19,2022-12-20,70.7816,2023-10-11,79.6618,12.5459,8.8312,16.3889,True,1.4897,,,0.49700000000000005,,
t_minus_15_to_t_plus_9,T-15 買進，T+9 出場,3290,東浦精密光電股份有限公司,32903,2022-11-22,2022-10-31,2022-11-01,23.6061,2022-12-05,26.9192,14.0351,1.0127,-0.8608,False,0.8085,,,-0.0504,,
t_plus_20_to_t_plus_210,T+20 買進，T+210 出場,3290,東浦精密光電股份有限公司,32903,2022-11-22,2022-12-19,2022-12-20,27.0967,2023-10-11,30.4007,12.1933,-5.5785,9.0612,False,0.5098,,,0.1226,,
t_minus_15_to_t_plus_9,T-15 買進，T+9 出場,4744,皇將科技股份有限公司,47442,2022-12-07,2022-11-15,2022-11-16,24.149,2022-12-20,24.4671,1.3172,3.006,-7.8853,True,1.2993,,,0.038599999999999995,,
t_plus_20_to_t_plus_210,T+20 買進，T+210 出場,4744,皇將科技股份有限公司,47442,2022-12-07,2023-01-04,2023-01-05,23.7084,2023-10-26,29.4782,24.3367,-4.2146,1.9138,False,1.1059,,,-0.382,,
t_minus_15_to_t_plus_9,T-15 買進，T+9 出場,3023,信邦電子股份有限公司,30238,2022-12-12,2022-11-18,2022-11-21,244.8565,2022-12-23,248.4639,1.4733,-2.5,-2.847,True,0.74,,,0.31629999999999997,,
t_plus_20_to_t_plus_210,T+20 買進，T+210 出場,3023,信邦電子股份有限公司,30238,2022-12-12,2023-01-09,2023-01-10,248.013,2023-10-31,256.6456,3.4807,-1.4286,-2.6455,False,0.789,,,0.21789999999999998,,
t_minus_15_to_t_plus_9,T-15 買進，T+9 出場,6613,朋億股份有限公司,66131,2022-12-12,2022-11-18,2022-11-21,64.7902,2022-12-23,70.1699,8.3033,2.4722,-1.8935,False,1.7774,,,0.0004,,
t_plus_20_to_t_plus_210,T+20 買進，T+210 出場,6613,朋億股份有限公司,66131,2022-12-12,2023-01-09,2023-01-10,69.5462,2023-10-31,105.2874,51.392,-3.8668,9.6814,False,1.0387,,,-0.07,,
t_minus_15_to_t_plus_9,T-15 買進，T+9 出場,4540,全球傳動科技股份有限公司,45402,2022-12-12,2022-11-18,2022-11-21,35.0639,2022-12-23,34.7773,-0.8174,13.0435,-18.3299,True,1.5607,,,-0.07519999999999999,,
t_plus_20_to_t_plus_210,T+20 買進，T+210 出場,4540,全球傳動科技股份有限公司,45402,2022-12-12,2023-01-09,2023-01-10,35.255,2023-10-31,30.8,-12.6364,-0.6702,9.7778,False,0.3007,,,-0.1858,,
t_minus_15_to_t_plus_9,T-15 買進，T+9 出場,5543,桓鼎股份有限公司,55433,2022-12-14,2022-11-22,2022-11-23,49.9903,2022-12-27,50.1744,0.3683,-0.3617,-9.2257,False,2.0896,,,,,
t_plus_20_to_t_plus_210,T+20 買進，T+210 出場,5543,桓鼎股份有限公司,55433,2022-12-14,2023-01-11,2023-01-12,48.3332,2023-11-02,41.9229,-13.2627,-0.9434,-7.0796,False,1.1686,,,,,
t_minus_15_to_t_plus_9,T-15 買進，T+9 出場,6593,台灣銘板股份有限公司,65931,2022-12-14,2022-11-22,2022-11-23,36.1354,2022-12-27,42.7585,18.3288,-4.408,5.5633,False,1.2258,,,-0.1551,,
t_plus_20_to_t_plus_210,T+20 買進，T+210 出場,6593,台灣銘板股份有限公司,65931,2022-12-14,2023-01-11,2023-01-12,39.3496,2023-11-02,125.0706,217.845,-11.6796,-1.8542,False,0.8077,,,-0.1999,,
t_minus_15_to_t_plus_9,T-15 買進，T+9 出場,3346,麗清科技股份有限公司,33465,2022-12-28,2022-12-06,2022-12-07,33.0194,2023-01-11,33.6561,1.9284,17.4475,-14.2689,True,1.6905,,,0.9268000000000001,,
t_plus_20_to_t_plus_210,T+20 買進，T+210 出場,3346,麗清科技股份有限公司,33465,2022-12-28,2023-02-06,2023-02-07,34.8841,2023-11-16,42.2319,21.0635,4.3243,31.5162,True,1.7988,,,0.1718,,
t_minus_15_to_t_plus_9,T-15 買進，T+9 出場,2230,泰茂實業股份有限公司,22304,2023-01-06,2022-12-14,2022-12-15,20.1438,2023-01-31,35.3581,75.5282,7.7799,-25.2632,False,0.5685,,,-0.0168,,
t_plus_20_to_t_plus_210,T+20 買進，T+210 出場,2230,泰茂實業股份有限公司,22304,2023-01-06,2023-02-14,2023-02-15,37.5214,2023-11-24,122.9666,227.724,42.9741,92.2936,True,0.4659,,,-0.3926,,
t_minus_15_to_t_plus_9,T-15 買進，T+9 出場,6486,互動國際數位股份有限公司,64862,2023-01-11,2022-12-19,2022-12-20,45.1809,2023-02-03,50.3358,11.4094,-0.5008,-4.0258,False,0.6748,,,-0.13970000000000002,,
t_plus_20_to_t_plus_210,T+20 買進，T+210 出場,6486,互動國際數位股份有限公司,64862,2023-01-11,2023-02-17,2023-02-20,51.1697,2023-11-29,57.5222,12.4147,1.6517,12.6456,True,0.8262,,,-0.1634,,
t_minus_15_to_t_plus_9,T-15 買進，T+9 出場,5543,桓鼎股份有限公司,55434,2023-02-21,2023-01-30,2023-01-31,49.2538,2023-03-08,47.8729,-2.8037,-5.7971,-5.9674,False,1.28,,,,,
t_plus_20_to_t_plus_210,T+20 買進，T+210 出場,5543,桓鼎股份有限公司,55434,2023-02-21,2023-03-22,2023-03-23,47.4126,2023-12-28,36.659,-22.6808,1.8587,3.3962,False,0.4906,,,,,
t_minus_15_to_t_plus_9,T-15 買進，T+9 出場,8433,弘帆股份有限公司,84331,2023-03-07,2023-02-09,2023-02-10,52.1934,2023-03-20,55.8668,7.0381,10.9855,26.9871,True,1.5201,,,-0.09970000000000001,,
t_plus_20_to_t_plus_210,T+20 買進，T+210 出場,8433,弘帆股份有限公司,84331,2023-03-07,2023-04-06,2023-04-07,51.8873,2024-01-10,74.101,42.8115,-21.7341,8.4936,False,0.2514,,,-0.2529,,
t_minus_15_to_t_plus_9,T-15 買進，T+9 出場,3533,嘉澤端子工業股份有限公司,35332,2023-03-09,2023-02-13,2023-02-14,783.871,2023-03-22,818.1403,4.3718,5.1059,6.0302,True,0.7637,,,-0.3054,,
t_plus_20_to_t_plus_210,T+20 買進，T+210 出場,3533,嘉澤端子工業股份有限公司,35332,2023-03-09,2023-04-10,2023-04-11,865.181,2024-01-12,926.3939,7.0751,13.8301,13.5535,True,0.6549,,,-0.0608,,
t_minus_15_to_t_plus_9,T-15 買進，T+9 出場,8070,長華電材股份有限公司,80705,2023-03-13,2023-02-15,2023-02-16,25.7771,2023-03-24,28.2949,9.7674,5.7471,4.6124,True,1.1969,,,-0.2708,,
t_plus_20_to_t_plus_210,T+20 買進，T+210 出場,8070,長華電材股份有限公司,80705,2023-03-13,2023-04-12,2023-04-13,29.1741,2024-01-16,29.6265,1.5508,7.1953,20.6611,True,1.8629,,,-0.2953,,
t_minus_15_to_t_plus_9,T-15 買進，T+9 出場,5450,南良國際股份有限公司,54501,2023-03-21,2023-02-23,2023-02-24,16.7,2023-04-06,20.7025,23.967,1.1173,-0.8219,False,1.1163,,,-0.4575,,
t_plus_20_to_t_plus_210,T+20 買進，T+210 出場,5450,南良國際股份有限公司,54501,2023-03-21,2023-04-20,2023-04-21,20.7485,2024-01-24,20.2049,-2.6198,-7.943,25.5556,False,0.5805,,,-0.27949999999999997,,
t_minus_15_to_t_plus_9,T-15 買進，T+9 出場,3663,鑫科材料科技股份有限公司,36633,2023-03-21,2023-02-23,2023-02-24,28.5585,2023-04-06,29.3188,2.6622,5.3571,8.0586,False,1.2504,,,-0.2891,,
t_plus_20_to_t_plus_210,T+20 買進，T+210 出場,3663,鑫科材料科技股份有限公司,36633,2023-03-21,2023-04-20,2023-04-21,33.5954,2024-01-24,36.1747,7.6775,16.9435,24.1623,True,2.2562,,,-0.1648,,
t_minus_15_to_t_plus_9,T-15 買進，T+9 出場,2727,王品餐飲股份有限公司,27271,2023-03-29,2023-03-07,2023-03-08,221.0912,2023-04-14,233.3302,5.5357,47.6191,80.0,True,0.8319,,,0.267,,
t_plus_20_to_t_plus_210,T+20 買進，T+210 出場,2727,王品餐飲股份有限公司,27271,2023-03-29,2023-04-28,2023-05-02,252.6757,2024-02-01,218.1503,-13.6639,5.3156,87.0207,False,1.2675,,,0.2007,,
t_minus_15_to_t_plus_9,T-15 買進，T+9 出場,8462,柏文健康事業股份有限公司,84623,2023-04-14,2023-03-20,2023-03-21,127.3306,2023-04-27,133.1387,4.5614,2.9091,13.2,False,0.7827,,,0.1508,,
t_plus_20_to_t_plus_210,T+20 買進，T+210 出場,8462,柏文健康事業股份有限公司,84623,2023-04-14,2023-05-12,2023-05-15,129.5645,2024-02-23,102.418,-20.9521,-5.8824,3.9711,False,0.929,,,0.1698,,
t_minus_15_to_t_plus_9,T-15 買進，T+9 出場,3484,崧騰企業股份有限公司,34843,2023-04-24,2023-03-28,2023-03-29,36.9252,2023-05-08,43.711,18.3771,-10.9458,-5.4909,False,1.3394,,,-0.4582,,
t_plus_20_to_t_plus_210,T+20 買進，T+210 出場,3484,崧騰企業股份有限公司,34843,2023-04-24,2023-05-22,2023-05-23,39.3046,2024-03-05,39.3066,0.005,-6.3291,-3.3941,False,0.3277,,,-0.4048,,
t_minus_15_to_t_plus_9,T-15 買進，T+9 出場,4123,晟德大藥廠股份有限公司,41236,2023-04-26,2023-03-30,2023-03-31,37.2906,2023-05-10,41.0317,10.0324,-3.0335,1.9802,False,1.0609,,,3.1761,,
t_plus_20_to_t_plus_210,T+20 買進，T+210 出場,4123,晟德大藥廠股份有限公司,41236,2023-04-26,2023-05-24,2023-05-25,41.434,2024-03-07,42.015,1.4021,0.1953,8.0,False,0.5177,,,0.5059,,
t_minus_15_to_t_plus_9,T-15 買進，T+9 出場,4123,晟德大藥廠股份有限公司,41237,2023-04-27,2023-03-31,2023-04-06,36.9688,2023-05-11,39.4629,6.7465,-3.9542,0.2171,False,1.1225,,,3.1761,,
t_plus_20_to_t_plus_210,T+20 買進，T+210 出場,4123,晟德大藥廠股份有限公司,41237,2023-04-27,2023-05-25,2023-05-26,40.7904,2024-03-08,40.8831,0.2273,-2.8791,7.3171,False,0.5038,,,0.5059,,
t_minus_15_to_t_plus_9,T-15 買進，T+9 出場,6438,迅得機械股份有限公司,64382,2023-05-05,2023-04-12,2023-04-13,89.5606,2023-05-18,97.5872,8.9623,9.5041,24.7059,True,1.8452,,,0.1152,,
t_plus_20_to_t_plus_210,T+20 買進，T+210 出場,6438,迅得機械股份有限公司,64382,2023-05-05,2023-06-01,2023-06-02,97.9302,2024-03-15,103.5212,5.7091,-1.8666,13.7566,False,1.6315,,,0.37689999999999996,,
t_minus_15_to_t_plus_9,T-15 買進，T+9 出場,3325,旭品科技股份有限公司,33253,2023-05-09,2023-04-14,2023-04-17,16.9,2023-05-22,21.5,27.2189,21.9425,35.0598,True,3.4069,,,0.7942,,
t_plus_20_to_t_plus_210,T+20 買進，T+210 出場,3325,旭品科技股份有限公司,33253,2023-05-09,2023-06-05,2023-06-06,25.15,2024-03-19,37.65,49.7018,26.601,78.4722,True,0.8271,,,1.0301,,
t_minus_15_to_t_plus_9,T-15 買進，T+9 出場,3465,進泰電子科技股份有限公司,34654,2023-05-11,2023-04-18,2023-04-19,81.7332,2023-05-24,80.4618,-1.5556,2.1615,9.78,False,1.8782,,,-0.126,,
t_plus_20_to_t_plus_210,T+20 買進，T+210 出場,3465,進泰電子科技股份有限公司,34654,2023-05-11,2023-06-07,2023-06-08,77.919,2024-03-21,64.6716,-17.0014,-8.0386,-7.6426,False,1.2455,,,0.16260000000000002,,
t_minus_15_to_t_plus_9,T-15 買進，T+9 出場,2421,建準電機工業股份有限公司,24213,2023-05-24,2023-05-02,2023-05-03,47.1944,2023-06-06,77.2753,63.7383,3.8461,27.3585,False,0.6815,,,0.1185,,
t_plus_20_to_t_plus_210,T+20 買進，T+210 出場,2421,建準電機工業股份有限公司,24213,2023-05-24,2023-06-20,2023-06-21,79.7453,2024-04-03,116.1357,45.6332,25.5556,79.0099,True,0.8734,,,0.0014000000000000002,,
t_minus_15_to_t_plus_9,T-15 買進，T+9 出場,2201,裕隆汽車製造股份有限公司,22013,2023-05-25,2023-05-03,2023-05-04,70.5119,2023-06-07,83.0273,17.7493,1.4379,-6.3932,False,0.6629,,,0.0537,,
t_plus_20_to_t_plus_210,T+20 買進，T+210 出場,2201,裕隆汽車製造股份有限公司,22013,2023-05-25,2023-06-21,2023-06-26,75.9001,2024-04-08,65.6137,-13.5526,-2.58,7.2248,False,0.5593,,,0.22399999999999998,,
t_minus_15_to_t_plus_9,T-15 買進，T+9 出場,4129,聯合骨科器材股份有限公司,41294,2023-05-30,2023-05-08,2023-05-09,53.8601,2023-06-12,67.7508,25.7904,9.6774,30.6297,False,1.0962,,,0.2922,,
t_plus_20_to_t_plus_210,T+20 買進，T+210 出場,4129,聯合骨科器材股份有限公司,41294,2023-05-30,2023-06-28,2023-06-29,67.3027,2024-04-11,91.1047,35.3656,24.0984,42.2932,False,0.4242,,,0.3468,,
t_minus_15_to_t_plus_9,T-15 買進，T+9 出場,4916,事欣科技股份有限公司,49164,2023-05-31,2023-05-09,2023-05-10,33.6521,2023-06-13,34.6719,3.0303,2.526,18.9655,True,0.9285,,,0.493,,
t_plus_20_to_t_plus_210,T+20 買進，T+210 出場,4916,事欣科技股份有限公司,49164,2023-05-31,2023-06-29,2023-06-30,41.5446,2024-04-12,33.755,-18.75,25.3666,35.7143,True,1.8911,,,0.6578,,
t_minus_15_to_t_plus_9,T-15 買進，T+9 出場,6823,濾能股份有限公司,68231,2023-06-01,2023-05-10,2023-05-11,82.2773,2023-06-14,82.7395,0.5618,-5.1579,-9.9,False,0.2428,,,-0.4489,,
t_plus_20_to_t_plus_210,T+20 買進，T+210 出場,6823,濾能股份有限公司,68231,2023-06-01,2023-06-30,2023-07-03,80.8906,2024-04-15,76.3,-5.6751,-0.3448,-11.5306,False,0.242,,,-0.4783,,
t_minus_15_to_t_plus_9,T-15 買進，T+9 出場,4906,正文科技股份有限公司,49066,2023-06-02,2023-05-11,2023-05-12,25.3412,2023-06-15,27.6834,9.2424,-6.6038,6.0714,False,1.0694,,,0.6253,,
t_plus_20_to_t_plus_210,T+20 買進，T+210 出場,4906,正文科技股份有限公司,49066,2023-06-02,2023-07-03,2023-07-04,30.4607,2024-04-16,29.296,-3.8235,14.4699,17.0631,True,1.6467,,,0.12789999999999999,,
t_minus_15_to_t_plus_9,T-15 買進，T+9 出場,3323,加百裕工業股份有限公司,33233,2023-06-02,2023-05-11,2023-05-12,29.7239,2023-06-15,33.4917,12.6761,-7.7922,-8.8445,False,0.6062,,,-0.0623,,
t_plus_20_to_t_plus_210,T+20 買進，T+210 出場,3323,加百裕工業股份有限公司,33233,2023-06-02,2023-07-03,2023-07-04,32.9335,2024-04-16,24.6269,-25.2224,-2.0747,3.9648,False,0.3944,,,0.4294,,
t_minus_15_to_t_plus_9,T-15 買進，T+9 出場,9906,欣巴巴事業股份有限公司,99061,2023-06-09,2023-05-18,2023-05-19,38.538,2023-06-26,47.9726,24.4813,-4.6906,-0.8307,False,2.5889,,,2.7048,,
t_plus_20_to_t_plus_210,T+20 買進，T+210 出場,9906,欣巴巴事業股份有限公司,99061,2023-06-09,2023-07-10,2023-07-11,49.4918,2024-04-23,72.0294,45.5381,12.8391,20.9302,True,0.9996,,,1.5206,,
t_minus_15_to_t_plus_9,T-15 買進，T+9 出場,4747,強生化學製藥廠股份有限公司,47471,2023-06-12,2023-05-19,2023-05-22,47.869,2023-06-27,103.0665,115.3093,-2.521,2.1127,False,0.3045,,,0.12890000000000001,,
t_plus_20_to_t_plus_210,T+20 買進，T+210 出場,4747,強生化學製藥廠股份有限公司,47471,2023-06-12,2023-07-11,2023-07-12,103.5328,2024-04-24,67.8094,-34.5045,46.751,117.111,True,0.6831,,,0.518,,
t_minus_15_to_t_plus_9,T-15 買進，T+9 出場,6282,康舒科技股份有限公司,62822,2023-06-13,2023-05-22,2023-05-23,40.77,2023-06-28,42.9265,5.2894,0.2294,15.4558,False,0.8395,,,-0.1743,,
t_plus_20_to_t_plus_210,T+20 買進，T+210 出場,6282,康舒科技股份有限公司,62822,2023-06-13,2023-07-12,2023-07-13,50.4846,2024-04-25,38.6144,-23.5125,14.709,42.9358,True,1.504,,,-0.2731,,
t_minus_15_to_t_plus_9,T-15 買進，T+9 出場,6279,胡連精密股份有限公司,62791,2023-06-14,2023-05-23,2023-05-24,119.7522,2023-06-29,138.3988,15.5709,3.5971,-9.1483,True,1.0057,,,0.1444,,
t_plus_20_to_t_plus_210,T+20 買進，T+210 出場,6279,胡連精密股份有限公司,62791,2023-06-14,2023-07-13,2023-07-14,135.9125,2024-04-26,130.9743,-3.6334,-6.8965,9.8305,False,0.512,,,0.0173,,
t_minus_15_to_t_plus_9,T-15 買進，T+9 出場,3617,碩天科技股份有限公司,36172,2023-06-16,2023-05-25,2023-05-26,168.0767,2023-07-03,189.8882,12.9771,62.3431,55.8233,True,1.799,,,-0.0827,,
t_plus_20_to_t_plus_210,T+20 買進，T+210 出場,3617,碩天科技股份有限公司,36172,2023-06-16,2023-07-17,2023-07-18,192.4543,2024-04-30,240.3139,24.8681,1.5695,76.9531,True,1.3059,,,-0.052000000000000005,,
t_minus_15_to_t_plus_9,T-15 買進，T+9 出場,6804,明係事業股份有限公司,68041,2023-06-19,2023-05-26,2023-05-29,59.0634,2023-07-04,65.1388,10.2862,17.6759,31.9266,False,0.6782,,,0.2409,,
t_plus_20_to_t_plus_210,T+20 買進，T+210 出場,6804,明係事業股份有限公司,68041,2023-06-19,2023-07-18,2023-07-19,63.1888,2024-05-02,41.92,-33.6592,4.5285,20.5014,True,0.9845,,,0.5609000000000001,,
t_minus_15_to_t_plus_9,T-15 買進，T+9 出場,3587,閎康科技股份有限公司,35871,2023-06-20,2023-05-29,2023-05-30,188.7795,2023-07-05,204.3942,8.2714,14.2857,19.337,True,1.8426,,,0.3865,,
t_plus_20_to_t_plus_210,T+20 買進，T+210 出場,3587,閎康科技股份有限公司,35871,2023-06-20,2023-07-19,2023-07-20,228.414,2024-05-03,267.8426,17.2619,12.5322,33.6677,True,1.0733,,,0.2826,,
t_minus_15_to_t_plus_9,T-15 買進，T+9 出場,5608,四維航業股份有限公司,56086,2023-06-21,2023-05-30,2023-05-31,21.1814,2023-07-06,21.5514,1.7467,-7.0994,-19.3662,False,1.0454,,,-0.5141,,
t_plus_20_to_t_plus_210,T+20 買進，T+210 出場,5608,四維航業股份有限公司,56086,2023-06-21,2023-07-20,2023-07-21,20.15,2024-05-06,19.4,-3.7221,-6.7028,-13.7232,False,1.3797,,,-0.5502,,
t_minus_15_to_t_plus_9,T-15 買進，T+9 出場,6196,帆宣系統科技股份有限公司,61965,2023-06-27,2023-06-01,2023-06-02,116.5039,2023-07-10,123.6638,6.1457,0.3831,-0.3802,True,1.9857,,,0.1932,,
t_plus_20_to_t_plus_210,T+20 買進，T+210 出場,6196,帆宣系統科技股份有限公司,61965,2023-06-27,2023-07-24,2023-07-25,132.4311,2024-05-08,144.8897,9.4077,-0.19,13.6725,False,1.3449,,,0.0464,,
t_minus_15_to_t_plus_9,T-15 買進，T+9 出場,5434,崇越科技股份有限公司,54342,2023-06-29,2023-06-05,2023-06-06,171.6702,2023-07-12,165.4336,-3.6329,4.7872,0.7673,True,1.9943,,,-0.0254,,
t_plus_20_to_t_plus_210,T+20 買進，T+210 出場,5434,崇越科技股份有限公司,54342,2023-06-29,2023-07-26,2023-07-27,167.7377,2024-05-10,237.782,41.7582,-0.5494,2.9038,True,1.1442,,,-0.1076,,
t_minus_15_to_t_plus_9,T-15 買進，T+9 出場,3128,昇銳電子股份有限公司,31282,2023-07-03,2023-06-07,2023-06-08,32.8214,2023-07-14,35.5208,8.2245,-1.6688,-20.7039,False,0.8354,,,-0.3055,,
t_plus_20_to_t_plus_210,T+20 買進，T+210 出場,3128,昇銳電子股份有限公司,31282,2023-07-03,2023-07-28,2023-07-31,33.8498,2024-05-14,26.5347,-21.6105,-13.6264,1.1583,False,0.3094,,,-0.3124,,
t_minus_15_to_t_plus_9,T-15 買進，T+9 出場,3092,鴻碩精密電工股份有限公司,30922,2023-07-04,2023-06-08,2023-06-09,35.4471,2023-07-17,37.1739,4.8714,3.8571,-4.0897,True,1.2401,,,-0.498,,
t_plus_20_to_t_plus_210,T+20 買進，T+210 出場,3092,鴻碩精密電工股份有限公司,30922,2023-07-04,2023-07-31,2023-08-01,40.1478,2024-05-15,32.75,-18.4264,6.1403,12.783,False,1.6943,,,-0.3379,,
t_minus_15_to_t_plus_9,T-15 買進，T+9 出場,9958,世紀鋼鐵結構股份有限公司,99585,2023-07-19,2023-06-27,2023-06-28,110.1233,2023-08-01,150.0369,36.2446,9.7087,16.1357,True,0.471,,,0.19010000000000002,,
t_plus_20_to_t_plus_210,T+20 買進，T+210 出場,9958,世紀鋼鐵結構股份有限公司,99585,2023-07-19,2023-08-16,2023-08-17,133.2059,2024-05-30,275.4512,106.7861,-3.1802,39.7959,False,0.7803,,,0.8308,,
t_minus_15_to_t_plus_9,T-15 買進，T+9 出場,5230,雷笛克光學股份有限公司,52303,2023-07-24,2023-06-30,2023-07-03,21.0466,2023-08-07,20.8671,-0.8529,6.682,0.6522,True,1.3854,,,-0.0483,,
t_plus_20_to_t_plus_210,T+20 買進，T+210 出場,5230,雷笛克光學股份有限公司,52303,2023-07-24,2023-08-21,2023-08-22,19.6922,2024-06-04,38.3973,94.9881,-8.8106,-1.1469,False,0.9767,,,0.0345,,
t_minus_15_to_t_plus_9,T-15 買進，T+9 出場,6179,亞通利大能源股份有限公司,61793,2023-07-25,2023-07-03,2023-07-04,32.6239,2023-08-08,28.3707,-13.0372,10.443,19.1126,True,1.6654,,,0.0721,,
t_plus_20_to_t_plus_210,T+20 買進，T+210 出場,6179,亞通利大能源股份有限公司,61793,2023-07-25,2023-08-22,2023-08-23,26.5433,2024-06-05,28.9645,9.1217,-18.4619,-14.778,False,0.6196,,,-0.17149999999999999,,
t_minus_15_to_t_plus_9,T-15 買進，T+9 出場,2066,世德工業股份有限公司,20662,2023-07-31,2023-07-07,2023-07-10,87.2586,2023-08-14,71.4648,-18.1,9.7955,10.9902,False,0.7556,,,0.0062,,
t_plus_20_to_t_plus_210,T+20 買進，T+210 出場,2066,世德工業股份有限公司,20662,2023-07-31,2023-08-28,2023-08-29,75.4132,2024-06-12,136.2779,80.7082,-15.0602,-8.1854,False,0.679,,,-0.0761,,
t_minus_15_to_t_plus_9,T-15 買進，T+9 出場,9958,世紀鋼鐵結構股份有限公司,99586,2023-07-31,2023-07-07,2023-07-10,138.4956,2023-08-14,133.6868,-3.4722,28.0,35.8491,True,2.238,,,1.506,,
t_plus_20_to_t_plus_210,T+20 買進，T+210 出場,9958,世紀鋼鐵結構股份有限公司,99586,2023-07-31,2023-08-28,2023-08-29,144.7472,2024-06-12,317.9025,119.6261,-9.3656,37.6147,False,0.5711,,,0.8308,,
t_minus_15_to_t_plus_9,T-15 買進，T+9 出場,5009,榮剛材料科技股份有限公司,50097,2023-07-31,2023-07-07,2023-07-10,48.2989,2023-08-14,38.622,-20.0355,-1.3741,6.3366,True,1.2541,,,0.1222,,
t_plus_20_to_t_plus_210,T+20 買進，T+210 出場,5009,榮剛材料科技股份有限公司,50097,2023-07-31,2023-08-28,2023-08-29,39.4355,2024-06-12,43.5889,10.532,-15.0926,-14.1843,False,0.7955,,,0.0068000000000000005,,
t_minus_15_to_t_plus_9,T-15 買進，T+9 出場,6472,保瑞藥業股份有限公司,64723,2023-08-04,2023-07-12,2023-07-13,481.6875,2023-08-17,578.9019,20.182,7.9666,0.564,True,1.2777,,,1.85,,
t_plus_20_to_t_plus_210,T+20 買進，T+210 出場,6472,保瑞藥業股份有限公司,64723,2023-08-04,2023-08-31,2023-09-01,583.7395,2024-06-17,622.4405,6.6298,6.3821,23.0437,False,0.7803,,,1.4391,,
t_minus_15_to_t_plus_9,T-15 買進，T+9 出場,5309,系統電子工業股份有限公司,53095,2023-08-08,2023-07-14,2023-07-17,36.7156,2023-08-21,33.8547,-7.7922,-7.2376,-13.5955,False,1.1259,,,-0.19329999999999997,,
t_plus_20_to_t_plus_210,T+20 買進，T+210 出場,5309,系統電子工業股份有限公司,53095,2023-08-08,2023-09-04,2023-09-05,34.2838,2024-06-19,34.06,-0.6528,-5.8278,-17.8984,False,0.6392,,,-0.193,,
t_minus_15_to_t_plus_9,T-15 買進，T+9 出場,8255,朋程科技股份有限公司,82551,2023-08-09,2023-07-17,2023-07-18,171.69,2023-08-22,153.2184,-10.7587,3.4432,0.6774,True,2.6908,,,0.5119,,
t_plus_20_to_t_plus_210,T+20 買進，T+210 出場,8255,朋程科技股份有限公司,82551,2023-08-09,2023-09-05,2023-09-06,162.9392,2024-06-20,208.7658,28.125,0.2857,1.4388,False,0.607,,,0.46759999999999996,,
t_minus_15_to_t_plus_9,T-15 買進，T+9 出場,2462,台灣良得電子股份有限公司,24624,2023-08-11,2023-07-19,2023-07-20,26.6247,2023-08-24,35.0677,31.7114,-10.8955,-3.7097,False,0.571,,,-0.4031,,
t_plus_20_to_t_plus_210,T+20 買進，T+210 出場,2462,台灣良得電子股份有限公司,24624,2023-08-11,2023-09-07,2023-09-08,33.7681,2024-06-24,32.4229,-3.9835,2.0093,13.3436,True,0.5906,,,-0.19690000000000002,,
t_minus_15_to_t_plus_9,T-15 買進，T+9 出場,6414,樺漢科技股份有限公司,64145,2023-08-16,2023-07-24,2023-07-25,249.7446,2023-08-29,231.2094,-7.4216,0.6944,18.6094,True,1.0882,,,0.1027,,
t_plus_20_to_t_plus_210,T+20 買進，T+210 出場,6414,樺漢科技股份有限公司,64145,2023-08-16,2023-09-12,2023-09-13,237.8918,2024-06-27,304.7154,28.0899,0.7519,0.2288,True,1.2519,,,0.0512,,
t_minus_15_to_t_plus_9,T-15 買進，T+9 出場,1514,亞力電機股份有限公司,15141,2023-08-17,2023-07-25,2023-07-26,57.4257,2023-08-30,47.4157,-17.4311,10.0683,35.0785,False,1.4348,,,0.0897,,
t_plus_20_to_t_plus_210,T+20 買進，T+210 出場,1514,亞力電機股份有限公司,15141,2023-08-17,2023-09-13,2023-09-14,44.8023,2024-06-28,139.0738,210.4167,-9.9605,-16.5414,False,0.5671,,,0.08220000000000001,,
t_minus_15_to_t_plus_9,T-15 買進，T+9 出場,2641,正德海運股份有限公司,26416,2023-08-23,2023-07-31,2023-08-01,15.3242,2023-09-05,14.6201,-4.5946,-9.116,-12.0321,False,0.8153,,,-0.2891,,
t_plus_20_to_t_plus_210,T+20 買進，T+210 出場,2641,正德海運股份有限公司,26416,2023-08-23,2023-09-19,2023-09-20,16.3838,2024-07-04,21.2649,29.7925,9.434,-0.5546,True,2.4447,,,-0.048499999999999995,,
t_minus_15_to_t_plus_9,T-15 買進，T+9 出場,6796,晉弘科技股份有限公司,67961,2023-08-25,2023-08-02,2023-08-04,101.6591,2023-09-07,98.8991,-2.715,14.2996,14.2996,False,0.8432,,,0.0877,,
t_plus_20_to_t_plus_210,T+20 買進，T+210 出場,6796,晉弘科技股份有限公司,67961,2023-08-25,2023-09-21,2023-09-22,93.5772,2024-07-08,86.0378,-8.0569,-6.2222,1.1179,False,0.5166,,,0.0126,,
t_minus_15_to_t_plus_9,T-15 買進，T+9 出場,3088,艾訊股份有限公司,30882,2023-08-28,2023-08-04,2023-08-07,83.9207,2023-09-08,89.7316,6.9242,29.5843,43.6314,True,1.3144,,,0.2914,,
t_plus_20_to_t_plus_210,T+20 買進，T+210 出場,3088,艾訊股份有限公司,30882,2023-08-28,2023-09-22,2023-09-25,82.1934,2024-07-09,90.1857,9.7238,4.5966,28.4634,False,0.4292,,,-0.16219999999999998,,
t_minus_15_to_t_plus_9,T-15 買進，T+9 出場,1586,和勤精機股份有限公司,15864,2023-08-30,2023-08-08,2023-08-09,31.0817,2023-09-12,32.395,4.2254,-3.6145,-7.2464,False,0.7392,,,-0.4113,,
t_plus_20_to_t_plus_210,T+20 買進，T+210 出場,1586,和勤精機股份有限公司,15864,2023-08-30,2023-09-26,2023-09-27,33.076,2024-07-11,34.7127,4.9483,8.871,1.3513,True,1.0708,,,0.10830000000000001,,
t_minus_15_to_t_plus_9,T-15 買進，T+9 出場,1586,和勤精機股份有限公司,15865,2023-08-31,2023-08-09,2023-08-10,31.0331,2023-09-13,32.5896,5.0157,-4.2169,-7.5581,False,0.7934,,,-0.2709,,
t_plus_20_to_t_plus_210,T+20 買進，T+210 出場,1586,和勤精機股份有限公司,15865,2023-08-31,2023-09-27,2023-09-28,32.9787,2024-07-12,34.1718,3.6179,9.0323,1.3493,True,0.9941,,,0.10830000000000001,,
t_minus_15_to_t_plus_9,T-15 買進，T+9 出場,2436,偉詮電子股份有限公司,24361,2023-09-11,2023-08-18,2023-08-21,55.4318,2023-09-22,63.7605,15.025,-5.0713,22.2277,False,0.3828,,,0.2685,,
t_plus_20_to_t_plus_210,T+20 買進，T+210 出場,2436,偉詮電子股份有限公司,24361,2023-09-11,2023-10-11,2023-10-12,65.2411,2024-07-23,54.1676,-16.9732,-6.3915,16.5838,False,0.5091,,,0.2943,,
t_minus_15_to_t_plus_9,T-15 買進，T+9 出場,1526,日馳企業股份有限公司,15261,2023-09-19,2023-08-28,2023-08-29,35.0273,2023-10-03,33.357,-4.7686,-3.6585,-10.0264,False,0.8803,,,-0.5196999999999999,,
t_plus_20_to_t_plus_210,T+20 買進，T+210 出場,1526,日馳企業股份有限公司,15261,2023-09-19,2023-10-19,2023-10-20,30.5076,2024-08-02,31.0,1.6139,-10.6169,-14.3054,False,1.5322,,,-0.7306,,
t_minus_15_to_t_plus_9,T-15 買進，T+9 出場,2906,高林實業股份有限公司,29061,2023-09-20,2023-08-29,2023-08-30,16.5965,2023-10-04,15.7549,-5.0704,-4.0984,7.2886,False,0.8994,,,-0.0717,,
t_plus_20_to_t_plus_210,T+20 買進，T+210 出場,2906,高林實業股份有限公司,29061,2023-09-20,2023-10-20,2023-10-23,14.5862,2024-08-05,18.166,24.5427,-11.1111,-13.2791,False,0.7058,,,-0.12279999999999999,,
t_minus_15_to_t_plus_9,T-15 買進，T+9 出場,4564,元翎精密工業股份有限公司,45641,2023-09-26,2023-09-04,2023-09-05,25.95,2023-10-12,26.2,0.9634,-0.9427,-12.577,True,1.8274,,,-0.2182,,
t_plus_20_to_t_plus_210,T+20 買進，T+210 出場,4564,元翎精密工業股份有限公司,45641,2023-09-26,2023-10-26,2023-10-27,24.7,2024-08-09,25.85,4.6559,-6.2977,-6.6343,False,0.3813,,,-0.4443,,
t_minus_15_to_t_plus_9,T-15 買進，T+9 出場,6873,泓德能源科技股份有限公司,68731,2023-09-28,2023-09-06,2023-09-07,82.3111,2023-10-16,87.9877,6.8966,-14.7059,-20.3351,False,0.3833,,,0.20010000000000003,,
t_plus_20_to_t_plus_210,T+20 買進，T+210 出場,6873,泓德能源科技股份有限公司,68731,2023-09-28,2023-10-30,2023-10-31,90.0151,2024-08-13,202.9245,125.4338,1.8692,-8.4034,False,0.7692,,,0.0398,,
t_minus_15_to_t_plus_9,T-15 買進，T+9 出場,5209,新鼎系統股份有限公司,52091,2023-10-06,2023-09-13,2023-09-14,139.4614,2023-10-23,138.6645,-0.5714,8.0247,-10.3709,True,1.6825,,,0.33159999999999995,,
t_plus_20_to_t_plus_210,T+20 買進，T+210 出場,5209,新鼎系統股份有限公司,52091,2023-10-06,2023-11-06,2023-11-07,128.3045,2024-08-20,154.3689,20.3145,-8.5227,-6.9364,False,1.1158,,,0.4587,,
t_minus_15_to_t_plus_9,T-15 買進，T+9 出場,3680,家登精密工業股份有限公司,36804,2023-10-18,2023-09-21,2023-09-22,302.127,2023-10-31,318.0029,5.2547,-9.9585,-21.9424,False,0.6841,,,0.113,,
t_plus_20_to_t_plus_210,T+20 買進，T+210 出場,3680,家登精密工業股份有限公司,36804,2023-10-18,2023-11-14,2023-11-15,361.539,2024-08-28,551.8321,52.6342,-1.2164,15.5241,False,1.2648,,,1.0703,,
t_minus_15_to_t_plus_9,T-15 買進，T+9 出場,6585,鼎基先進材料股份有限公司,65851,2023-10-26,2023-10-02,2023-10-03,102.9228,2023-11-08,110.0209,6.8966,19.9586,51.634,False,0.5534,,,0.326,,
t_plus_20_to_t_plus_210,T+20 買進，T+210 出場,6585,鼎基先進材料股份有限公司,65851,2023-10-26,2023-11-22,2023-11-23,129.9844,2024-09-05,155.5511,19.6691,20.082,64.422,True,1.3428,,,0.1693,,
t_minus_15_to_t_plus_9,T-15 買進，T+9 出場,3006,晶豪科技股份有限公司,30061,2023-10-27,2023-10-03,2023-10-04,84.7636,2023-11-09,87.5761,3.3181,18.5771,16.2791,False,0.6887,,,-0.1888,,
t_plus_20_to_t_plus_210,T+20 買進，T+210 出場,3006,晶豪科技股份有限公司,30061,2023-10-27,2023-11-23,2023-11-24,95.5288,2024-09-06,67.0181,-29.8451,12.6728,39.7143,True,1.0734,,,0.1677,,
t_minus_15_to_t_plus_9,T-15 買進，T+9 出場,6585,鼎基先進材料股份有限公司,65852,2023-10-27,2023-10-03,2023-10-04,112.6827,2023-11-09,106.4718,-5.5118,32.951,60.3774,True,0.7326,,,0.326,,
t_plus_20_to_t_plus_210,T+20 買進，T+210 出場,6585,鼎基先進材料股份有限公司,65852,2023-10-27,2023-11-23,2023-11-24,125.1044,2024-09-06,153.7424,22.8913,17.0833,61.1238,True,1.5289,,,0.1693,,
t_minus_15_to_t_plus_9,T-15 買進，T+9 出場,3357,西北臺慶科技股份有限公司,33571,2023-10-31,2023-10-05,2023-10-06,100.3898,2023-11-13,94.4846,-5.8823,-2.2222,-2.2222,False,0.3568,,,-0.054900000000000004,,
t_plus_20_to_t_plus_210,T+20 買進，T+210 出場,3357,西北臺慶科技股份有限公司,33571,2023-10-31,2023-11-27,2023-11-28,95.8473,2024-09-10,119.8369,25.029,0.4762,2.9268,False,1.1668,,,-0.1437,,
t_minus_15_to_t_plus_9,T-15 買進，T+9 出場,5306,桂盟國際股份有限公司,53064,2023-11-08,2023-10-17,2023-10-18,117.1184,2023-11-21,112.5789,-3.876,-9.1549,-15.2712,False,0.4089,,,-0.4485,,
t_plus_20_to_t_plus_210,T+20 買進，T+210 出場,5306,桂盟國際股份有限公司,53064,2023-11-08,2023-12-05,2023-12-06,116.6645,2024-09-19,140.6487,20.5583,0.0,-9.4024,True,2.6061,,,-0.341,,
t_minus_15_to_t_plus_9,T-15 買進，T+9 出場,2063,世鎧精密股份有限公司,20632,2023-11-10,2023-10-19,2023-10-20,45.1552,2023-11-23,48.1191,6.5637,-1.3359,1.7717,False,2.0437,,,0.33659999999999995,,
t_plus_20_to_t_plus_210,T+20 買進，T+210 出場,2063,世鎧精密股份有限公司,20632,2023-11-10,2023-12-07,2023-12-08,51.2573,2024-09-23,38.7976,-24.3081,5.5957,13.1528,True,0.9933,,,0.1832,,
t_minus_15_to_t_plus_9,T-15 買進，T+9 出場,6189,豐藝電子股份有限公司,61894,2023-11-10,2023-10-19,2023-10-20,37.1991,2023-11-23,40.4962,8.8632,6.639,23.4805,True,0.8163,,,0.3786,,
t_plus_20_to_t_plus_210,T+20 買進，T+210 出場,6189,豐藝電子股份有限公司,61894,2023-11-10,2023-12-07,2023-12-08,42.503,2024-09-23,61.681,45.1214,4.0564,30.8204,True,0.8089,,,0.2895,,
t_minus_15_to_t_plus_9,T-15 買進，T+9 出場,3013,晟銘電子科技股份有限公司,30133,2023-11-16,2023-10-25,2023-10-26,42.2786,2023-11-29,44.7481,5.8411,-0.5624,-13.5029,False,0.4227,,,0.16670000000000001,,
t_plus_20_to_t_plus_210,T+20 買進，T+210 出場,3013,晟銘電子科技股份有限公司,30133,2023-11-16,2023-12-13,2023-12-14,46.9707,2024-09-27,135.7863,189.0871,4.2316,5.1685,True,1.3586,,,-0.28859999999999997,,
t_minus_15_to_t_plus_9,T-15 買進，T+9 出場,9941,裕融企業股份有限公司,99412,2023-11-20,2023-10-27,2023-10-30,157.2068,2023-12-01,165.0671,5.0,0.0,-5.0132,False,0.9492,,,0.1388,,
t_plus_20_to_t_plus_210,T+20 買進，T+210 出場,9941,裕融企業股份有限公司,99412,2023-11-20,2023-12-15,2023-12-18,162.447,2024-10-01,136.5398,-15.9481,1.084,2.4725,False,1.0773,,,0.0902,,
t_minus_15_to_t_plus_9,T-15 買進，T+9 出場,6806,森崴能源股份有限公司,68061,2023-11-22,2023-10-31,2023-11-01,98.4545,2023-12-05,109.6094,11.33,-10.3167,-0.8899,False,0.3981,,,,,
t_plus_20_to_t_plus_210,T+20 買進，T+210 出場,6806,森崴能源股份有限公司,68061,2023-11-22,2023-12-19,2023-12-20,104.2745,2024-10-07,128.3565,23.0948,-4.0359,13.5881,False,0.8745,,,,,
t_minus_15_to_t_plus_9,T-15 買進，T+9 出場,4566,時碩工業股份有限公司,45663,2023-11-27,2023-11-03,2023-11-06,47.4253,2023-12-08,50.0445,5.5227,-6.8266,-10.1424,False,0.7653,,,-0.2475,,
t_plus_20_to_t_plus_210,T+20 買進，T+210 出場,4566,時碩工業股份有限公司,45663,2023-11-27,2023-12-22,2023-12-25,49.4832,2024-10-11,82.957,67.6467,-1.6729,-5.5357,False,0.9857,,,-0.2402,,
t_minus_15_to_t_plus_9,T-15 買進，T+9 出場,6869,雲豹能源科技股份有限公司,68691,2023-11-28,2023-11-06,2023-11-07,78.2234,2023-12-11,86.0836,10.0484,-2.8302,-12.2471,False,0.6603,,,-0.4746,,
t_plus_20_to_t_plus_210,T+20 買進，T+210 出場,6869,雲豹能源科技股份有限公司,68691,2023-11-28,2023-12-25,2023-12-26,85.2313,2024-10-14,210.2058,146.6297,-4.6809,5.4118,False,1.6079,,,-0.5054,,
t_minus_15_to_t_plus_9,T-15 買進，T+9 出場,6126,信音企業股份有限公司,61263,2023-11-30,2023-11-08,2023-11-09,26.7438,2023-12-13,27.6822,3.5088,10.2514,-1.2538,True,1.2776,,,-0.1966,,
t_plus_20_to_t_plus_210,T+20 買進，T+210 出場,6126,信音企業股份有限公司,61263,2023-11-30,2023-12-27,2023-12-28,29.6997,2024-10-16,31.9957,7.7304,11.7021,6.7797,True,0.8977,,,-0.09359999999999999,,
t_minus_15_to_t_plus_9,T-15 買進，T+9 出場,1338,廣華控股有限公司,13382,2023-12-01,2023-11-09,2023-11-10,34.715,2023-12-14,40.9842,18.0593,-1.8519,9.1176,False,0.8764,,,,,
t_plus_20_to_t_plus_210,T+20 買進，T+210 出場,1338,廣華控股有限公司,13382,2023-12-01,2023-12-28,2023-12-29,39.955,2024-10-17,31.0175,-22.3689,0.2347,10.4786,False,0.3931,,,,,
t_minus_15_to_t_plus_9,T-15 買進，T+9 出場,2368,金像電子股份有限公司,23682,2023-12-05,2023-11-13,2023-11-14,212.7331,2023-12-18,206.0554,-3.139,0.9302,15.4255,False,1.4986,,,-0.0101,,
t_plus_20_to_t_plus_210,T+20 買進，T+210 出場,2368,金像電子股份有限公司,23682,2023-12-05,2024-01-02,2024-01-03,205.1014,2024-10-21,192.2314,-6.2749,-2.6786,-2.0225,False,0.6102,,,0.0387,,
t_minus_15_to_t_plus_9,T-15 買進，T+9 出場,8996,高力熱處理工業股份有限公司,89964,2023-12-06,2023-11-14,2023-11-15,219.7389,2023-12-19,211.0268,-3.9648,-13.5029,-32.4159,False,0.653,,,0.0377,,
t_plus_20_to_t_plus_210,T+20 買進，T+210 出場,8996,高力熱處理工業股份有限公司,89964,2023-12-06,2024-01-03,2024-01-04,214.8989,2024-10-22,336.022,56.3629,-12.6482,-20.5036,False,0.4332,,,0.0987,,
t_minus_15_to_t_plus_9,T-15 買進，T+9 出場,5388,中磊電子股份有限公司,53887,2023-12-06,2023-11-14,2023-11-15,111.0035,2023-12-19,120.4794,8.5366,3.7975,6.0345,True,1.6856,,,-0.1748,,
t_plus_20_to_t_plus_210,T+20 買進，T+210 出場,5388,中磊電子股份有限公司,53887,2023-12-06,2024-01-03,2024-01-04,120.0282,2024-10-22,105.6471,-11.9814,4.7244,9.9174,True,0.3148,,,-0.0248,,
t_minus_15_to_t_plus_9,T-15 買進，T+9 出場,2427,三商電腦股份有限公司,24271,2023-12-13,2023-11-21,2023-11-22,25.4197,2023-12-26,24.0812,-5.2656,-7.2289,19.5122,False,0.4195,,,0.006,,
t_plus_20_to_t_plus_210,T+20 買進，T+210 出場,2427,三商電腦股份有限公司,24271,2023-12-13,2024-01-10,2024-01-11,23.9387,2024-10-29,26.236,9.5966,-10.5546,-7.4307,False,0.7322,,,0.34630000000000005,,
t_minus_15_to_t_plus_9,T-15 買進，T+9 出場,6284,佳邦科技股份有限公司,62843,2023-12-14,2023-11-22,2023-11-23,78.5827,2023-12-27,79.0449,0.5882,21.902,59.9244,True,1.0584,,,0.1151,,
t_plus_20_to_t_plus_210,T+20 買進，T+210 出場,6284,佳邦科技股份有限公司,62843,2023-12-14,2024-01-11,2024-01-12,69.8923,2024-10-30,75.7525,8.3846,-13.0035,15.4198,False,0.5633,,,0.18969999999999998,,
t_minus_15_to_t_plus_9,T-15 買進，T+9 出場,3522,御頂國際股份有限公司,35221,2023-12-18,2023-11-24,2023-11-27,18.4401,2023-12-29,22.2,20.3895,12.8655,21.0031,True,0.8461,,,0.07730000000000001,,
t_plus_20_to_t_plus_210,T+20 買進，T+210 出場,3522,御頂國際股份有限公司,35221,2023-12-18,2024-01-15,2024-01-16,19.9,2024-11-04,22.5,13.0653,-0.5013,37.0356,False,0.9597,,,-0.1611,,
t_minus_15_to_t_plus_9,T-15 買進，T+9 出場,3305,昇貿科技股份有限公司,33055,2023-12-25,2023-12-01,2023-12-04,64.2337,2024-01-08,63.1309,-1.7167,15.5372,4.7976,True,1.0898,,,-0.1234,,
t_plus_20_to_t_plus_210,T+20 買進，T+210 出場,3305,昇貿科技股份有限公司,33055,2023-12-25,2024-01-22,2024-01-23,62.0282,2024-11-11,64.7001,4.3076,-11.1258,12.2074,False,0.853,,,-0.1226,,
t_minus_15_to_t_plus_9,T-15 買進，T+9 出場,6015,宏遠證券股份有限公司,60152,2024-01-05,2023-12-13,2023-12-14,9.6873,2024-01-18,9.1043,-6.0185,1.9139,-2.2936,False,0.8581,,,0.9893000000000001,,
t_plus_20_to_t_plus_210,T+20 買進，T+210 出場,6015,宏遠證券股份有限公司,60152,2024-01-05,2024-02-01,2024-02-02,9.2388,2024-11-21,10.9385,18.3969,-5.0691,1.4778,False,0.598,,,1.8666999999999998,,
t_minus_15_to_t_plus_9,T-15 買進，T+9 出場,3548,兆利科技工業股份有限公司,35482,2024-01-08,2023-12-14,2023-12-15,185.5618,2024-01-19,188.3592,1.5075,0.5051,44.2029,False,0.2485,,,0.6412,,
t_plus_20_to_t_plus_210,T+20 買進，T+210 出場,3548,兆利科技工業股份有限公司,35482,2024-01-08,2024-02-02,2024-02-05,230.3205,2024-11-22,182.555,-20.7387,26.3021,36.6197,True,1.2144,,,0.20489999999999997,,
t_minus_15_to_t_plus_9,T-15 買進，T+9 出場,6715,嘉基科技股份有限公司,67152,2024-01-18,2023-12-26,2023-12-27,146.1708,2024-01-31,150.4008,2.8939,7.2917,-0.3226,True,1.8435,,,-0.4058,,
t_plus_20_to_t_plus_210,T+20 買進，T+210 出場,6715,嘉基科技股份有限公司,67152,2024-01-18,2024-02-23,2024-02-26,164.5009,2024-12-04,183.1728,11.3507,12.8835,21.1146,True,1.9817,,,0.39649999999999996,,
t_minus_15_to_t_plus_9,T-15 買進，T+9 出場,8210,勤誠興業股份有限公司,82101,2024-01-19,2023-12-27,2023-12-28,257.718,2024-02-01,265.3825,2.974,7.9108,18.2222,True,0.5624,,,1.2985,,
t_plus_20_to_t_plus_210,T+20 買進，T+210 出場,8210,勤誠興業股份有限公司,82101,2024-01-19,2024-02-26,2024-02-27,255.3229,2024-12-05,296.3241,16.0586,-9.8472,15.4348,False,0.6257,,,1.6368,,
t_minus_15_to_t_plus_9,T-15 買進，T+9 出場,3479,安勤科技股份有限公司,34793,2024-01-22,2023-12-28,2023-12-29,104.0299,2024-02-02,101.8535,-2.092,11.9048,18.5671,True,0.8507,,,-0.3187,,
t_plus_20_to_t_plus_210,T+20 買進，T+210 出場,3479,安勤科技股份有限公司,34793,2024-01-22,2024-02-27,2024-02-29,105.771,2024-12-06,90.2328,-14.6904,4.2735,19.0244,False,2.0837,,,-0.2075,,
t_minus_15_to_t_plus_9,T-15 買進，T+9 出場,8299,群聯電子股份有限公司,82992,2024-01-23,2023-12-29,2024-01-02,482.2987,2024-02-05,497.1101,3.071,6.1826,12.3216,True,0.5722,,,0.3245,,
t_plus_20_to_t_plus_210,T+20 買進，T+210 出場,8299,群聯電子股份有限公司,82992,2024-01-23,2024-02-29,2024-03-01,581.3504,2024-12-09,425.8281,-26.7519,17.603,35.0715,True,1.8667,,,0.767,,
t_minus_15_to_t_plus_9,T-15 買進，T+9 出場,6139,亞翔工程股份有限公司,61394,2024-01-25,2024-01-03,2024-01-04,150.499,2024-02-16,154.3119,2.5335,22.4719,53.5211,True,1.0469,,,1.5515,,
t_plus_20_to_t_plus_210,T+20 買進，T+210 出場,6139,亞翔工程股份有限公司,61394,2024-01-25,2024-03-04,2024-03-05,160.7995,2024-12-11,210.3113,30.791,4.908,14.7821,True,1.3293,,,1.8881000000000001,,
t_minus_15_to_t_plus_9,T-15 買進，T+9 出場,3416,融程電訊股份有限公司,34163,2024-01-25,2024-01-03,2024-01-04,112.0904,2024-02-16,130.9972,16.8675,0.4065,7.8603,False,0.8689,,,-0.248,,
t_plus_20_to_t_plus_210,T+20 買進，T+210 出場,3416,融程電訊股份有限公司,34163,2024-01-25,2024-03-04,2024-03-05,121.9939,2024-12-11,141.4965,15.9865,-0.7299,9.2369,False,0.8351,,,0.2286,,
t_minus_15_to_t_plus_9,T-15 買進，T+9 出場,2476,鉅祥企業股份有限公司,24762,2024-01-26,2024-01-04,2024-01-05,65.4904,2024-02-19,75.3734,15.0907,6.184,36.1702,True,0.3947,,,-0.1525,,
t_plus_20_to_t_plus_210,T+20 買進，T+210 出場,2476,鉅祥企業股份有限公司,24762,2024-01-26,2024-03-05,2024-03-06,77.5296,2024-12-12,82.513,6.4278,20.4084,32.943,True,1.2608,,,0.2501,,
t_minus_15_to_t_plus_9,T-15 買進，T+9 出場,2732,六角國際事業股份有限公司,27323,2024-01-26,2024-01-04,2024-01-05,109.4483,2024-02-19,112.0856,2.4096,2.4793,16.4319,True,1.886,,,-0.0256,,
t_plus_20_to_t_plus_210,T+20 買進，T+210 出場,2732,六角國際事業股份有限公司,27323,2024-01-26,2024-03-05,2024-03-06,120.4371,2024-12-12,96.1819,-20.1393,3.4091,17.6724,False,0.643,,,0.017,,
t_minus_15_to_t_plus_9,T-15 買進，T+9 出場,4967,十銓科技股份有限公司,49673,2024-01-26,2024-01-04,2024-01-05,76.0991,2024-02-19,79.3334,4.25,-12.2222,12.0567,False,0.6108,,,2.5013,,
t_plus_20_to_t_plus_210,T+20 買進，T+210 出場,4967,十銓科技股份有限公司,49673,2024-01-26,2024-03-05,2024-03-06,78.4772,2024-12-12,76.1438,-2.9734,3.75,-5.7889,False,0.9499,,,1.0243,,
t_minus_15_to_t_plus_9,T-15 買進，T+9 出場,3526,凡甲科技股份有限公司,35266,2024-01-29,2024-01-05,2024-01-08,155.9868,2024-02-20,167.6649,7.4866,2.4793,-1.3263,False,0.7018,,,0.4106,,
t_plus_20_to_t_plus_210,T+20 買進，T+210 出場,3526,凡甲科技股份有限公司,35266,2024-01-29,2024-03-06,2024-03-07,184.348,2024-12-13,238.195,29.2094,13.3508,17.3442,True,0.9576,,,0.8016,,
t_minus_15_to_t_plus_9,T-15 買進，T+9 出場,5321,美而快國際股份有限公司,53211,2024-03-04,2024-01-30,2024-01-31,81.5506,2024-03-15,75.0636,-7.9545,-0.3386,0.0,False,1.4156,,,-0.23920000000000002,,
t_plus_20_to_t_plus_210,T+20 買進，T+210 出場,5321,美而快國際股份有限公司,53211,2024-03-04,2024-03-29,2024-04-01,71.4495,2025-01-08,60.0,-16.0246,-10.8545,-13.9353,False,0.5509,,,0.1149,,
t_minus_15_to_t_plus_9,T-15 買進，T+9 出場,5263,智崴資訊科技股份有限公司,52635,2024-03-04,2024-01-30,2024-01-31,110.0514,2024-03-15,112.5189,2.2422,-3.0303,-3.8627,False,0.663,,,0.0507,,
t_plus_20_to_t_plus_210,T+20 買進，T+210 出場,5263,智崴資訊科技股份有限公司,52635,2024-03-04,2024-03-29,2024-04-01,112.5189,2025-01-08,140.5674,24.9278,-9.1633,-0.8696,False,0.2713,,,0.026600000000000002,,
t_minus_15_to_t_plus_9,T-15 買進，T+9 出場,3689,湧德電子股份有限公司,36894,2024-03-05,2024-01-31,2024-02-01,52.8029,2024-03-18,66.8712,26.643,-1.7452,3.4926,True,0.8924,,,-0.1778,,
t_plus_20_to_t_plus_210,T+20 買進，T+210 出場,3689,湧德電子股份有限公司,36894,2024-03-05,2024-04-01,2024-04-02,73.9991,2025-01-09,86.4542,16.8314,2.2164,40.754,False,0.2804,,,-0.38520000000000004,,
t_minus_15_to_t_plus_9,T-15 買進，T+9 出場,6184,大豐有線電視股份有限公司,61843,2024-03-06,2024-02-01,2024-02-02,43.3173,2024-03-19,44.067,1.7308,0.7767,2.7723,True,0.45,,,-0.0059,,
t_plus_20_to_t_plus_210,T+20 買進，T+210 出場,6184,大豐有線電視股份有限公司,61843,2024-03-06,2024-04-02,2024-04-03,44.9,2025-01-10,45.6117,1.5851,3.2567,4.4574,True,1.036,,,0.029300000000000003,,
t_minus_15_to_t_plus_9,T-15 買進，T+9 出場,5457,宣德科技股份有限公司,54573,2024-03-06,2024-02-01,2024-02-02,57.1919,2024-03-19,60.7603,6.2395,6.3291,10.5263,True,1.3738,,,0.1027,,
t_plus_20_to_t_plus_210,T+20 買進，T+210 出場,5457,宣德科技股份有限公司,54573,2024-03-06,2024-04-02,2024-04-03,57.867,2025-01-10,51.5311,-10.9491,-13.3527,3.2872,False,0.2725,,,-0.0342,,
t_minus_15_to_t_plus_9,T-15 買進，T+9 出場,3272,東碩資訊股份有限公司,32723,2024-03-07,2024-02-02,2024-02-05,33.45,2024-03-20,31.35,-6.278,1.8045,0.744,False,2.0127,,,-0.174,,
t_plus_20_to_t_plus_210,T+20 買進，T+210 出場,3272,東碩資訊股份有限公司,32723,2024-03-07,2024-04-03,2024-04-08,30.7,2025-01-13,26.05,-15.1466,-8.1845,-8.9971,False,0.8491,,,-0.1427,,
t_minus_15_to_t_plus_9,T-15 買進，T+9 出場,6150,撼訊科技股份有限公司,61506,2024-03-07,2024-02-02,2024-02-05,89.6,2024-03-20,90.9,1.4509,1.2415,-4.0642,False,0.9874,,,-0.0294,,
t_plus_20_to_t_plus_210,T+20 買進，T+210 出場,6150,撼訊科技股份有限公司,61506,2024-03-07,2024-04-03,2024-04-08,93.1,2025-01-13,64.6,-30.6122,-6.7882,1.4333,False,0.3799,,,-0.0638,,
t_minus_15_to_t_plus_9,T-15 買進，T+9 出場,8092,建暐精密科技股份有限公司,80924,2024-03-11,2024-02-15,2024-02-16,14.45,2024-03-22,28.8,99.308,11.1538,32.5688,False,0.4573,,,-0.24710000000000001,,
t_plus_20_to_t_plus_210,T+20 買進，T+210 出場,8092,建暐精密科技股份有限公司,80924,2024-03-11,2024-04-09,2024-04-10,29.85,2025-01-15,18.35,-38.526,14.5594,130.888,True,1.4575,,,-0.6164000000000001,,
t_minus_15_to_t_plus_9,T-15 買進，T+9 出場,3207,耀勝電子股份有限公司,32071,2024-03-25,2024-03-01,2024-03-04,92.7873,2024-04-09,134.1145,44.5396,6.8764,24.9319,True,1.3874,,,-0.0337,,
t_plus_20_to_t_plus_210,T+20 買進，T+210 出場,3207,耀勝電子股份有限公司,32071,2024-03-25,2024-04-23,2024-04-24,137.0948,2025-02-07,110.5,-19.3988,1.5152,55.2723,True,0.9123,,,-0.0916,,
t_minus_15_to_t_plus_9,T-15 買進，T+9 出場,3122,笙泉科技股份有限公司,31222,2024-05-03,2024-04-10,2024-04-11,41.2,2024-05-16,39.5,-4.1262,-3.298,-8.98,False,2.5883,,,-0.050499999999999996,,
t_plus_20_to_t_plus_210,T+20 買進，T+210 出場,3122,笙泉科技股份有限公司,31222,2024-05-03,2024-05-30,2024-05-31,44.65,2025-03-18,30.8,-31.019,2.6097,0.1157,False,2.2489,,,0.027000000000000003,-0.41,
t_minus_15_to_t_plus_9,T-15 買進，T+9 出場,6274,台燿科技股份有限公司,62744,2024-05-06,2024-04-11,2024-04-12,171.7245,2024-05-17,167.4086,-2.5132,15.625,48.0,True,1.089,,,0.3321,,
t_plus_20_to_t_plus_210,T+20 買進，T+210 出場,6274,台燿科技股份有限公司,62744,2024-05-06,2024-05-31,2024-06-03,159.8421,2025-03-19,159.3692,-0.2959,-11.4362,5.2894,False,0.7989,,,0.5154,1.66,
t_minus_15_to_t_plus_9,T-15 買進，T+9 出場,9906,欣巴巴事業股份有限公司,99062,2024-05-07,2024-04-12,2024-04-15,65.5363,2024-05-20,74.1937,13.21,6.3114,35.3571,True,0.7563,,,-0.9131,,
t_plus_20_to_t_plus_210,T+20 買進，T+210 出場,9906,欣巴巴事業股份有限公司,99062,2024-05-07,2024-06-03,2024-06-04,79.9942,2025-03-20,99.4043,24.2644,-5.9184,27.7008,False,0.8689,,,-0.9873999999999999,-0.56,
t_minus_15_to_t_plus_9,T-15 買進，T+9 出場,3141,晶宏半導體股份有限公司,31413,2024-05-20,2024-04-25,2024-04-26,85.3145,2024-05-31,95.8435,12.3414,10.6493,-5.7522,True,1.3002,,,-0.4113,,
t_plus_20_to_t_plus_210,T+20 買進，T+210 出場,3141,晶宏半導體股份有限公司,31413,2024-05-20,2024-06-17,2024-06-18,96.3356,2025-04-02,65.0242,-32.5024,-2.0101,27.2846,False,0.6691,,,-0.0562,0.5,
t_minus_15_to_t_plus_9,T-15 買進，T+9 出場,3483,力致科技股份有限公司,34834,2024-05-22,2024-04-29,2024-04-30,127.4496,2024-06-04,166.5828,30.7048,4.5752,-2.1407,False,1.5573,,,-0.035699999999999996,,
t_plus_20_to_t_plus_210,T+20 買進，T+210 出場,3483,力致科技股份有限公司,34834,2024-05-22,2024-06-19,2024-06-20,161.7072,2025-04-08,86.8648,-46.2827,9.2206,28.1378,True,0.4586,,,0.1016,1.61,
t_minus_15_to_t_plus_9,T-15 買進，T+9 出場,8433,弘帆股份有限公司,84332,2024-05-24,2024-05-02,2024-05-03,86.89,2024-06-06,79.7496,-8.2178,-0.8728,20.2892,False,0.6618,,,0.0717,,
t_plus_20_to_t_plus_210,T+20 買進，T+210 出場,8433,弘帆股份有限公司,84332,2024-05-24,2024-06-21,2024-06-24,78.5452,2025-04-10,67.1892,-14.4578,-5.5555,-3.6578,False,0.7144,,,-0.0788,2.61,
t_minus_15_to_t_plus_9,T-15 買進，T+9 出場,8112,至上電子股份有限公司,811210,2024-05-24,2024-05-02,2024-05-03,81.0304,2024-06-06,72.3395,-10.7255,26.9022,52.3654,True,0.6471,,,1.6839,,
t_plus_20_to_t_plus_210,T+20 買進，T+210 出場,8112,至上電子股份有限公司,811210,2024-05-24,2024-06-21,2024-06-24,71.4874,2025-04-10,41.1413,-42.4495,3.2059,11.0079,False,0.6297,,,0.9120999999999999,0.91,
t_minus_15_to_t_plus_9,T-15 買進，T+9 出場,6117,迎廣科技股份有限公司,61171,2024-05-27,2024-05-03,2024-05-06,79.7502,2024-06-07,130.4737,63.6029,0.369,7.2273,False,0.2851,,,0.2544,,
t_plus_20_to_t_plus_210,T+20 買進，T+210 出場,6117,迎廣科技股份有限公司,61171,2024-05-27,2024-06-24,2024-06-25,114.8364,2025-04-11,69.8792,-39.1489,-0.8403,49.5564,False,0.3343,,,0.3116,1.15,
t_minus_15_to_t_plus_9,T-15 買進，T+9 出場,8433,弘帆股份有限公司,84333,2024-05-27,2024-05-03,2024-05-06,86.0297,2024-06-07,80.3518,-6.6,-1.3332,17.6961,True,0.6598,,,0.0717,,
t_plus_20_to_t_plus_210,T+20 買進，T+210 出場,8433,弘帆股份有限公司,84333,2024-05-27,2024-06-24,2024-06-25,78.5452,2025-04-11,65.9848,-15.9912,-7.048,-4.4974,False,0.8872,,,-0.0788,2.61,
t_minus_15_to_t_plus_9,T-15 買進，T+9 出場,6840,東研信超股份有限公司,68401,2024-05-27,2024-05-03,2024-05-06,64.5579,2024-06-07,73.0945,13.2231,1.1268,-0.8287,False,0.5193,,,0.1121,,
t_plus_20_to_t_plus_210,T+20 買進，T+210 出場,6840,東研信超股份有限公司,68401,2024-05-27,2024-06-24,2024-06-25,71.3161,2025-04-11,40.7889,-42.8055,10.7735,9.863,True,0.8078,,,0.16899999999999998,0.53,
t_minus_15_to_t_plus_9,T-15 買進，T+9 出場,6515,穎崴科技股份有限公司,65151,2024-05-31,2024-05-09,2024-05-10,825.3189,2024-06-14,979.5207,18.6839,2.6634,6.9357,True,0.9245,,,0.9094,,
t_plus_20_to_t_plus_210,T+20 買進，T+210 出場,6515,穎崴科技股份有限公司,65151,2024-05-31,2024-06-28,2024-07-01,1018.3135,2025-04-17,804.2914,-21.0173,18.5102,45.4294,True,0.89,,,-0.0885,5.81,
t_minus_15_to_t_plus_9,T-15 買進，T+9 出場,6546,正基科技股份有限公司,65461,2024-06-05,2024-05-14,2024-05-15,133.4871,2024-06-19,144.7879,8.4659,13.6187,5.036,True,1.5293,,,0.177,0.98,
t_plus_20_to_t_plus_210,T+20 買進，T+210 出場,6546,正基科技股份有限公司,65461,2024-06-05,2024-07-03,2024-07-04,131.7941,2025-04-22,80.4687,-38.9437,-7.3532,7.5674,False,0.4489,,,0.0944,0.98,
t_minus_15_to_t_plus_9,T-15 買進，T+9 出場,3583,辛耘企業股份有限公司,35831,2024-06-07,2024-05-16,2024-05-17,325.052,2024-06-21,349.9435,7.6577,-8.4022,34.3434,False,0.7196,,,0.4277,2.61,
t_plus_20_to_t_plus_210,T+20 買進，T+210 出場,3583,辛耘企業股份有限公司,35831,2024-06-07,2024-07-05,2024-07-08,454.6462,2025-04-24,259.6568,-42.8882,37.9637,33.9179,True,1.7469,,,0.4105,2.61,
t_minus_15_to_t_plus_9,T-15 買進，T+9 出場,3583,辛耘企業股份有限公司,35832,2024-06-19,2024-05-27,2024-05-28,335.3014,2024-07-02,384.0551,14.5402,2.2388,28.5178,False,0.4735,,,0.4277,2.61,
t_plus_20_to_t_plus_210,T+20 買進，T+210 出場,3583,辛耘企業股份有限公司,35832,2024-06-19,2024-07-16,2024-07-17,409.7246,2025-05-06,265.5805,-35.1807,21.5772,32.1408,True,0.9964,,,0.5788,2.61,
t_minus_15_to_t_plus_9,T-15 買進，T+9 出場,6125,廣運機械工程股份有限公司,61255,2024-06-21,2024-05-29,2024-05-30,113.3196,2024-07-04,108.866,-3.9301,27.59,37.7024,True,1.8092,,,-0.43090000000000006,0.06,
t_plus_20_to_t_plus_210,T+20 買進，T+210 出場,6125,廣運機械工程股份有限公司,61255,2024-06-21,2024-07-18,2024-07-19,110.8454,2025-05-08,62.8454,-43.3036,1.3575,28.1465,False,1.104,,,-0.7204,0.06,
t_minus_15_to_t_plus_9,T-15 買進，T+9 出場,1560,中國砂輪企業股份有限公司,15601,2024-06-24,2024-05-30,2024-05-31,291.8936,2024-07-05,348.6099,19.4305,18.2,15.8823,True,1.5579,,,0.0662,1.77,
t_plus_20_to_t_plus_210,T+20 買進，T+210 出場,1560,中國砂輪企業股份有限公司,15601,2024-06-24,2024-07-19,2024-07-22,324.8923,2025-05-09,265.0567,-18.417,8.9458,36.5185,False,0.5366,,,0.1054,1.77,
t_minus_15_to_t_plus_9,T-15 買進，T+9 出場,6243,迅杰科技股份有限公司,62433,2024-06-25,2024-05-31,2024-06-03,65.3518,2024-07-08,57.2789,-12.3531,17.4957,-7.9301,True,2.8008,,,-0.22149999999999997,0.55,
t_plus_20_to_t_plus_210,T+20 買進，T+210 出場,6243,迅杰科技股份有限公司,62433,2024-06-25,2024-07-22,2024-07-23,55.2367,2025-05-12,42.4,-23.2394,-10.1436,-2.7722,True,2.7355,,,-0.2073,0.55,
t_minus_15_to_t_plus_9,T-15 買進，T+9 出場,3312,弘憶國際股份有限公司,33121,2024-06-25,2024-05-31,2024-06-03,68.2191,2024-07-08,85.9905,26.0504,45.2586,44.0171,True,1.2467,,,0.34850000000000003,0.58,
t_plus_20_to_t_plus_210,T+20 買進，T+210 出場,3312,弘憶國際股份有限公司,33121,2024-06-25,2024-07-22,2024-07-23,90.3855,2025-05-12,50.559,-44.063,34.407,111.0345,False,0.5856,,,0.1127,0.58,
t_minus_15_to_t_plus_9,T-15 買進，T+9 出場,6753,龍德造船工業股份有限公司,67531,2024-06-25,2024-05-31,2024-06-03,109.0752,2024-07-08,133.8863,22.7468,0.4405,36.2007,False,0.3657,,,0.1632,2.37,
t_plus_20_to_t_plus_210,T+20 買進，T+210 出場,6753,龍德造船工業股份有限公司,67531,2024-06-25,2024-07-22,2024-07-23,122.1829,2025-05-12,104.5936,-14.3959,0.7812,7.5,False,0.4976,,,0.2032,2.37,
t_minus_15_to_t_plus_9,T-15 買進，T+9 出場,2486,一詮精密工業股份有限公司,24866,2024-07-01,2024-06-06,2024-06-07,104.6446,2024-07-12,137.377,31.2796,22.7381,102.7328,True,1.0213,,,0.0678,-0.03,
t_plus_20_to_t_plus_210,T+20 買進，T+210 出場,2486,一詮精密工業股份有限公司,24866,2024-07-01,2024-07-30,2024-07-31,112.5797,2025-05-16,82.823,-26.4317,-14.8148,61.9342,False,1.2953,,,0.0683,-0.03,
t_minus_15_to_t_plus_9,T-15 買進，T+9 出場,6509,聚和國際股份有限公司,65096,2024-07-03,2024-06-11,2024-06-12,37.7442,2024-07-16,41.6632,10.3832,1.2594,4.5514,False,0.5789,,,0.081,0.83,
t_plus_20_to_t_plus_210,T+20 買進，T+210 出場,6509,聚和國際股份有限公司,65096,2024-07-03,2024-08-01,2024-08-02,40.4852,2025-05-20,33.7537,-16.6271,0.1271,13.8573,False,0.4018,,,0.1363,0.83,
t_minus_15_to_t_plus_9,T-15 買進，T+9 出場,6624,萬年清環境工程股份有限公司,66241,2024-07-05,2024-06-13,2024-06-14,39.0235,2024-07-18,38.8819,-0.3628,6.4901,-8.7401,True,0.813,,,0.8994,-0.49,
t_plus_20_to_t_plus_210,T+20 買進，T+210 出場,6624,萬年清環境工程股份有限公司,66241,2024-07-05,2024-08-05,2024-08-06,40.26,2025-05-22,35.9289,-10.7579,-1.3301,0.325,True,0.9559,,,0.8828,-0.49,
t_minus_15_to_t_plus_9,T-15 買進，T+9 出場,6187,萬潤科技股份有限公司,61875,2024-07-10,2024-06-18,2024-06-19,248.7455,2024-07-23,259.9268,4.4951,15.955,5.3061,True,2.1146,,,3.3704,2.07,
t_plus_20_to_t_plus_210,T+20 買進，T+210 出場,6187,萬潤科技股份有限公司,61875,2024-07-10,2024-08-08,2024-08-09,267.2418,2025-05-27,303.3293,13.5037,-26.2457,18.7142,False,1.0792,,,4.3264,2.07,
t_minus_15_to_t_plus_9,T-15 買進，T+9 出場,2439,美律實業股份有限公司,24394,2024-07-10,2024-06-18,2024-06-19,117.2691,2024-07-23,119.0873,1.5504,6.1983,8.4388,True,1.4639,,,0.1151,1.7,
t_plus_20_to_t_plus_210,T+20 買進，T+210 出場,2439,美律實業股份有限公司,24394,2024-07-10,2024-08-08,2024-08-09,112.7238,2025-05-27,116.2738,3.1493,-13.4752,-0.4082,False,1.1119,,,0.2386,1.7,
t_minus_15_to_t_plus_9,T-15 買進，T+9 出場,8478,東哥企業股份有限公司,84781,2024-07-15,2024-06-21,2024-06-24,365.7361,2024-07-30,329.8945,-9.7998,2.5401,-0.9044,True,1.3342,,,0.5523,6.08,
t_plus_20_to_t_plus_210,T+20 買進，T+210 出場,8478,東哥企業股份有限公司,84781,2024-07-15,2024-08-13,2024-08-14,298.6619,2025-06-02,146.4029,-50.9804,-18.4453,-12.66,False,1.7785,,,-0.9318000000000001,12.0,
t_minus_15_to_t_plus_9,T-15 買進，T+9 出場,3362,先進光電科技股份有限公司,33621,2024-07-16,2024-06-24,2024-06-25,243.5897,2024-07-31,234.5635,-3.7055,19.5181,10.4677,True,0.951,,,0.071,0.98,
t_plus_20_to_t_plus_210,T+20 買進，T+210 出場,3362,先進光電科技股份有限公司,33621,2024-07-16,2024-08-14,2024-08-15,225.1413,2025-06-03,121.001,-46.2555,-18.0133,6.4489,False,0.816,,,0.1387,1.58,
t_minus_15_to_t_plus_9,T-15 買進，T+9 出場,4572,駐龍精密機械股份有限公司,45721,2024-07-16,2024-06-24,2024-06-25,143.1084,2024-07-31,143.4348,0.228,3.0,-7.2072,True,1.0483,,,-0.0541,2.14,
t_plus_20_to_t_plus_210,T+20 買進，T+210 出場,4572,駐龍精密機械股份有限公司,45721,2024-07-16,2024-08-14,2024-08-15,149.1154,2025-06-03,159.0564,6.6667,3.2051,3.2051,False,0.894,,,0.33140000000000003,4.01,
t_minus_15_to_t_plus_9,T-15 買進，T+9 出場,2439,美律實業股份有限公司,24395,2024-07-22,2024-06-28,2024-07-01,126.3598,2024-08-06,102.2696,-19.0647,10.4,11.2903,True,2.1878,,,0.1151,1.7,
t_plus_20_to_t_plus_210,T+20 買進，T+210 出場,2439,美律實業股份有限公司,24395,2024-07-22,2024-08-20,2024-08-21,124.9962,2025-06-09,106.428,-14.855,0.365,14.1079,True,1.1528,,,0.5893,3.94,
t_minus_15_to_t_plus_9,T-15 買進，T+9 出場,9933,中鼎工程股份有限公司,99332,2024-07-23,2024-07-01,2024-07-02,45.1437,2024-08-07,42.1816,-6.5615,10.166,13.3405,True,1.2961,,,0.1948,0.58,
t_plus_20_to_t_plus_210,T+20 買進，T+210 出場,9933,中鼎工程股份有限公司,99332,2024-07-23,2024-08-21,2024-08-22,43.1034,2025-06-10,23.1757,-46.2322,-7.2243,7.6773,False,0.6382,,,0.1267,1.34,
t_minus_15_to_t_plus_9,T-15 買進，T+9 出場,3016,嘉晶電子股份有限公司,30165,2024-07-26,2024-07-02,2024-07-03,61.7802,2024-08-08,54.8912,-11.1509,1.4587,2.9605,False,0.505,,,-0.024700000000000003,0.14,
t_plus_20_to_t_plus_210,T+20 買進，T+210 出場,3016,嘉晶電子股份有限公司,30165,2024-07-26,2024-08-22,2024-08-23,59.106,2025-06-11,31.9545,-45.937,-5.0235,0.5822,False,0.9454,,,-0.0296,0.66,
t_minus_15_to_t_plus_9,T-15 買進，T+9 出場,2641,正德海運股份有限公司,26417,2024-07-26,2024-07-02,2024-07-03,20.8377,2024-08-08,17.8948,-14.123,-5.7474,17.0717,False,0.3724,,,0.1231,0.52,
t_plus_20_to_t_plus_210,T+20 買進，T+210 出場,2641,正德海運股份有限公司,26417,2024-07-26,2024-08-22,2024-08-23,17.9423,2025-06-11,19.0815,6.3492,-4.0712,-12.7701,False,0.5792,,,0.2845,0.9,
t_minus_15_to_t_plus_9,T-15 買進，T+9 出場,6269,台郡科技股份有限公司,62695,2024-08-02,2024-07-09,2024-07-10,88.4,2024-08-15,78.8,-10.8597,1.2644,0.2943,True,1.3107,,,-0.1642,0.06,
t_plus_20_to_t_plus_210,T+20 買進，T+210 出場,6269,台郡科技股份有限公司,62695,2024-08-02,2024-08-29,2024-08-30,86.5,2025-06-18,51.8,-40.1156,-4.9052,-1.7281,False,0.4554,,,-0.0031,0.3,
t_minus_15_to_t_plus_9,T-15 買進，T+9 出場,6269,台郡科技股份有限公司,62696,2024-08-02,2024-07-09,2024-07-10,88.4,2024-08-15,78.8,-10.8597,1.2644,0.2943,True,1.3107,,,-0.1642,0.06,
t_plus_20_to_t_plus_210,T+20 買進，T+210 出場,6269,台郡科技股份有限公司,62696,2024-08-02,2024-08-29,2024-08-30,86.5,2025-06-18,51.8,-40.1156,-4.9052,-1.7281,False,0.4554,,,-0.0031,0.3,
t_minus_15_to_t_plus_9,T-15 買進，T+9 出場,3324,雙鴻科技股份有限公司,33245,2024-07-31,2024-07-05,2024-07-08,863.8761,2024-08-13,570.1655,-33.9992,11.9497,10.0123,True,0.984,,,0.5512,4.51,
t_plus_20_to_t_plus_210,T+20 買進，T+210 出場,3324,雙鴻科技股份有限公司,33245,2024-07-31,2024-08-27,2024-08-28,624.7453,2025-06-16,681.1891,9.0347,-4.769,-30.3203,True,0.6694,,,0.2763,11.64,
t_minus_15_to_t_plus_9,T-15 買進，T+9 出場,3605,宏致電子股份有限公司,36053,2024-08-06,2024-07-11,2024-07-12,48.4729,2024-08-19,49.6117,2.3493,1.6771,36.4276,True,1.1188,,,0.16469999999999999,0.02,
t_plus_20_to_t_plus_210,T+20 買進，T+210 出場,3605,宏致電子股份有限公司,36053,2024-08-06,2024-09-02,2024-09-03,53.4737,2025-06-20,55.7513,4.2593,26.1682,13.6842,True,2.3633,,,0.23309999999999997,0.52,
t_minus_15_to_t_plus_9,T-15 買進，T+9 出場,1402,遠東新世紀股份有限公司,140201,2024-08-08,2024-07-15,2024-07-16,32.7558,2024-08-21,33.3514,1.8185,7.8014,19.4969,True,0.8311,,,0.045599999999999995,0.32,
t_plus_20_to_t_plus_210,T+20 買進，T+210 出場,1402,遠東新世紀股份有限公司,140201,2024-08-08,2024-09-04,2024-09-05,31.7654,2025-06-24,29.9075,-5.8488,2.6393,5.1066,False,0.6752,,,0.0547,1.0,
t_minus_15_to_t_plus_9,T-15 買進，T+9 出場,1402,遠東新世紀股份有限公司,140202,2024-08-08,2024-07-15,2024-07-16,32.7558,2024-08-21,33.3514,1.8185,7.8014,19.4969,True,0.8311,,,0.045599999999999995,0.32,
t_plus_20_to_t_plus_210,T+20 買進，T+210 出場,1402,遠東新世紀股份有限公司,140202,2024-08-08,2024-09-04,2024-09-05,31.7654,2025-06-24,29.9075,-5.8488,2.6393,5.1066,False,0.6752,,,0.0547,1.0,
t_minus_15_to_t_plus_9,T-15 買進，T+9 出場,1536,和大工業股份有限公司,15364,2024-08-12,2024-07-17,2024-07-18,68.8148,2024-08-23,64.8825,-5.7143,28.6135,39.5171,True,1.88,,,0.4509,0.32,
t_plus_20_to_t_plus_210,T+20 買進，T+210 出場,1536,和大工業股份有限公司,15364,2024-08-12,2024-09-06,2024-09-09,61.0486,2025-06-26,60.3,-1.2262,1.9169,19.88,False,0.5404,,,-0.0424,0.47,
t_minus_15_to_t_plus_9,T-15 買進，T+9 出場,4137,麗豐股份有限公司,41372,2024-08-12,2024-07-17,2024-07-18,116.6665,2024-08-23,116.0158,-0.5578,-8.5106,-20.3821,False,1.2043,,,-0.07919999999999999,0.91,
t_plus_20_to_t_plus_210,T+20 買進，T+210 出場,4137,麗豐股份有限公司,41372,2024-08-12,2024-09-06,2024-09-09,109.3386,2025-06-26,97.6536,-10.687,-2.3761,-15.8213,False,0.952,,,-0.051,3.59,
t_minus_15_to_t_plus_9,T-15 買進，T+9 出場,3518,柏騰科技股份有限公司,35181,2024-08-15,2024-07-22,2024-07-23,30.9,2024-08-28,38.75,25.4045,1.1532,14.5522,True,3.4416,,,-0.2441,-0.57,
t_plus_20_to_t_plus_210,T+20 買進，T+210 出場,3518,柏騰科技股份有限公司,35181,2024-08-15,2024-09-11,2024-09-12,29.85,2025-07-01,15.95,-46.5662,-22.237,-5.2977,False,0.4344,,,-0.09300000000000001,-1.1,
t_minus_15_to_t_plus_9,T-15 買進，T+9 出場,6830,汎銓科技股份有限公司,68301,2024-08-15,2024-07-22,2024-07-23,142.5536,2024-08-28,134.1389,-5.9028,4.7099,2.8467,False,0.6168,,,0.02,-0.2,
t_plus_20_to_t_plus_210,T+20 買進，T+210 出場,6830,汎銓科技股份有限公司,68301,2024-08-15,2024-09-11,2024-09-12,142.0586,2025-07-01,120.2796,-15.331,7.6923,2.8467,True,2.4243,,,0.044800000000000006,0.67,
t_minus_15_to_t_plus_9,T-15 買進，T+9 出場,8091,翔名科技股份有限公司,80914,2024-08-15,2024-07-22,2024-07-23,131.484,2024-08-28,146.6024,11.4983,-6.9443,15.3846,False,0.591,,,0.1153,2.17,
t_plus_20_to_t_plus_210,T+20 買進，T+210 出場,8091,翔名科技股份有限公司,80914,2024-08-15,2024-09-11,2024-09-12,132.4003,2025-07-01,108.1527,-18.3138,-4.0816,-6.9307,False,0.7693,,,0.0969,4.1,
t_minus_15_to_t_plus_9,T-15 買進，T+9 出場,8927,北基國際股份有限公司,89277,2024-08-16,2024-07-23,2024-07-26,48.3206,2024-08-29,48.4686,0.3063,6.9132,8.838,True,2.6739,,,3.2539,0.06,
t_plus_20_to_t_plus_210,T+20 買進，T+210 出場,8927,北基國際股份有限公司,89277,2024-08-16,2024-09-12,2024-09-13,46.5082,2025-07-02,42.6891,-8.2117,-0.783,2.6383,False,1.2641,,,0.37939999999999996,1.28,
t_minus_15_to_t_plus_9,T-15 買進，T+9 出場,6432,今展科技股份有限公司,64324,2024-08-16,2024-07-23,2024-07-26,32.499,2024-08-29,32.8317,1.0239,-1.2535,0.2829,True,1.4802,,,-0.071,0.51,
t_plus_20_to_t_plus_210,T+20 買進，T+210 出場,6432,今展科技股份有限公司,64324,2024-08-16,2024-09-12,2024-09-13,30.6461,2025-07-02,25.3721,-17.2093,-3.791,-6.998,False,0.735,,,-0.16219999999999998,1.14,
t_minus_15_to_t_plus_9,T-15 買進，T+9 出場,8927,北基國際股份有限公司,89278,2024-08-21,2024-07-30,2024-07-31,50.5405,2024-09-03,47.0626,-6.8814,9.0909,6.3291,False,1.1499,,,3.2539,0.06,
t_plus_20_to_t_plus_210,T+20 買進，T+210 出場,8927,北基國際股份有限公司,89278,2024-08-21,2024-09-18,2024-09-19,48.7997,2025-07-07,40.7371,-16.5217,-2.4269,5.6123,False,0.6981,,,0.37939999999999996,1.28,
t_minus_15_to_t_plus_9,T-15 買進，T+9 出場,3376,新日興股份有限公司,33763,2024-08-23,2024-08-01,2024-08-02,201.1131,2024-09-05,195.7565,-2.6634,0.4307,29.1252,False,1.4046,,,0.4386,1.68,
t_plus_20_to_t_plus_210,T+20 買進，T+210 出場,3376,新日興股份有限公司,33763,2024-08-23,2024-09-20,2024-09-23,204.0348,2025-07-09,205.0087,0.4773,-5.6433,-6.2575,False,0.9721,,,0.2518,3.86,
t_minus_15_to_t_plus_9,T-15 買進，T+9 出場,1436,華友聯開發股份有限公司,14363,2024-08-27,2024-08-05,2024-08-06,108.6897,2024-09-09,105.8757,-2.589,2.0908,14.301,False,0.7878,,,28.1495,-0.36,
t_plus_20_to_t_plus_210,T+20 買進，T+210 出場,1436,華友聯開發股份有限公司,14363,2024-08-27,2024-09-24,2024-09-25,96.7303,2025-07-11,86.1779,-10.9091,-19.0476,0.9281,False,1.3022,,,12.719100000000001,5.48,
t_minus_15_to_t_plus_9,T-15 買進，T+9 出場,3491,昇達科技股份有限公司,34912,2024-08-28,2024-08-06,2024-08-07,271.5164,2024-09-10,313.7414,15.5515,-11.0059,25.3438,True,1.2613,,,1.0537,1.23,
t_plus_20_to_t_plus_210,T+20 買進，T+210 出場,3491,昇達科技股份有限公司,34912,2024-08-28,2024-09-25,2024-09-26,341.2368,2025-07-14,332.399,-2.5899,1.9231,20.5507,False,1.1335,,,0.8039000000000001,4.03,
t_minus_15_to_t_plus_9,T-15 買進，T+9 出場,6179,亞通利大能源股份有限公司,61794,2024-08-28,2024-08-06,2024-08-07,24.7145,2024-09-10,27.1712,9.9404,-27.2489,-14.9835,False,0.3608,,,-0.1277,0.14,
t_plus_20_to_t_plus_210,T+20 買進，T+210 出場,6179,亞通利大能源股份有限公司,61794,2024-08-28,2024-09-25,2024-09-26,28.9892,2025-07-14,26.8273,-7.4576,-5.153,-0.9047,False,0.6638,,,-0.4225,-0.29,
t_minus_15_to_t_plus_9,T-15 買進，T+9 出場,2228,劍麟股份有限公司,22283,2024-08-29,2024-08-07,2024-08-08,76.1762,2024-09-11,99.4002,30.4872,-17.974,-17.6158,False,0.7333,,,-0.1297,3.49,
t_plus_20_to_t_plus_210,T+20 買進，T+210 出場,2228,劍麟股份有限公司,22283,2024-08-29,2024-09-26,2024-09-27,101.5397,2025-07-15,79.2,-22.001,18.6869,9.958,True,1.2935,,,-0.039599999999999996,4.97,
t_minus_15_to_t_plus_9,T-15 買進，T+9 出場,3691,碩禾電子材料股份有限公司,36913,2024-08-30,2024-08-08,2024-08-09,117.0,2024-09-12,101.5,-13.2479,-19.0141,-28.7926,False,0.6465,,,3.113,0.5,
t_plus_20_to_t_plus_210,T+20 買進，T+210 出場,3691,碩禾電子材料股份有限公司,36913,2024-08-30,2024-09-27,2024-09-30,111.0,2025-07-16,69.5,-37.3874,-1.8018,-27.5748,False,0.9218,,,2.0983,0.33,
t_minus_15_to_t_plus_9,T-15 買進，T+9 出場,3322,建舜電子製造股份有限公司,33225,2024-09-02,2024-08-09,2024-08-12,20.9261,2024-09-13,20.0,-4.4257,-9.3961,-4.0359,False,1.4631,,,-0.0366,-0.19,
t_plus_20_to_t_plus_210,T+20 買進，T+210 出場,3322,建舜電子製造股份有限公司,33225,2024-09-02,2024-09-30,2024-10-01,20.0,2025-07-17,12.3,-38.5,-12.5526,-14.3088,False,0.4298,,,-0.3503,-0.4,
t_minus_15_to_t_plus_9,T-15 買進，T+9 出場,1595,川寶科技股份有限公司,15952,2024-09-02,2024-08-09,2024-08-12,35.2157,2024-09-13,36.3961,3.352,-14.1317,4.0154,False,0.8505,,,-0.3942,0.36,
t_plus_20_to_t_plus_210,T+20 買進，T+210 出場,1595,川寶科技股份有限公司,15952,2024-09-02,2024-09-30,2024-10-01,44.7081,2025-07-17,40.6,-9.1888,13.5508,11.54,True,3.6873,,,-0.2101,0.17,
t_minus_15_to_t_plus_9,T-15 買進，T+9 出場,6680,鑫創電子股份有限公司,66801,2024-09-02,2024-08-09,2024-08-12,72.177,2024-09-13,88.6334,22.8,-7.1776,-3.9015,False,1.3247,,,-0.3089,0.34,
t_plus_20_to_t_plus_210,T+20 買進，T+210 出場,6680,鑫創電子股份有限公司,66801,2024-09-02,2024-09-30,2024-10-01,92.2904,2025-07-17,70.5,-23.6107,8.7719,16.1415,False,0.386,,,0.3389,1.33,
t_minus_15_to_t_plus_9,T-15 買進，T+9 出場,3564,其陽科技股份有限公司,35642,2024-09-03,2024-08-12,2024-08-13,81.3516,2024-09-16,81.1553,-0.2413,-14.1807,13.8629,False,0.5622,,,0.8432999999999999,0.1,
t_plus_20_to_t_plus_210,T+20 買進，T+210 出場,3564,其陽科技股份有限公司,35642,2024-09-03,2024-10-01,2024-10-04,93.2256,2025-07-18,62.3871,-33.0795,5.2691,-7.6242,True,2.065,,,0.43920000000000003,0.26,
t_minus_15_to_t_plus_9,T-15 買進，T+9 出場,4542,科嶠工業股份有限公司,45421,2024-09-06,2024-08-15,2024-08-16,62.3593,2024-09-20,105.424,69.059,-19.5091,-18.3319,False,0.5685,,,-0.6742,0.75,
t_plus_20_to_t_plus_210,T+20 買進，T+210 出場,4542,科嶠工業股份有限公司,45421,2024-09-06,2024-10-08,2024-10-09,99.4566,2025-07-23,58.1821,-41.5,29.4643,10.8079,False,0.8204,,,-0.5382,0.75,
t_minus_15_to_t_plus_9,T-15 買進，T+9 出場,6111,大宇資訊股份有限公司,61112,2024-09-10,2024-08-19,2024-08-20,62.5,2024-09-24,62.0,-0.8,-8.492,-13.674,False,0.5466,,,0.0525,0.18,
t_plus_20_to_t_plus_210,T+20 買進，T+210 出場,6111,大宇資訊股份有限公司,61112,2024-09-10,2024-10-11,2024-10-14,61.3,2025-07-25,48.85,-20.31,-4.8062,-13.6428,False,0.4057,,,1.2312,0.18,
t_minus_15_to_t_plus_9,T-15 買進，T+9 出場,3033,威健實業股份有限公司,30337,2024-09-11,2024-08-20,2024-08-21,31.1512,2024-09-25,32.3276,3.7764,-8.6455,-6.3126,False,0.4171,,,0.24239999999999998,1.24,
t_plus_20_to_t_plus_210,T+20 買進，T+210 出場,3033,威健實業股份有限公司,30337,2024-09-11,2024-10-14,2024-10-15,33.8334,2025-07-28,32.3747,-4.3115,6.577,-4.85,True,1.5613,,,0.3386,1.24,
t_minus_15_to_t_plus_9,T-15 買進，T+9 出場,2464,盟立自動化股份有限公司,24642,2024-09-16,2024-08-23,2024-08-26,80.4126,2024-09-30,80.3133,-0.1236,-4.1916,18.834,True,0.957,,,-0.1646,0.13,
t_plus_20_to_t_plus_210,T+20 買進，T+210 出場,2464,盟立自動化股份有限公司,24642,2024-09-16,2024-10-17,2024-10-18,83.2952,2025-07-31,57.6,-30.8483,3.2804,-7.7441,False,0.5099,,,-0.086,0.13,
t_minus_15_to_t_plus_9,T-15 買進，T+9 出場,1781,合世生醫科技股份有限公司,17813,2024-09-24,2024-08-30,2024-09-02,17.25,2024-10-09,16.4,-4.9275,5.1515,10.5096,True,0.9819,,,0.002,0.07,
t_plus_20_to_t_plus_210,T+20 買進，T+210 出場,1781,合世生醫科技股份有限公司,17813,2024-09-24,2024-10-24,2024-10-25,16.5,2025-08-08,14.2,-13.9394,3.125,-2.6549,True,1.6618,,,-0.0415,0.07,
t_minus_15_to_t_plus_9,T-15 買進，T+9 出場,5244,弘凱光電股份有限公司,52441,2024-09-25,2024-09-02,2024-09-03,40.2407,2024-10-11,41.3905,2.8571,1.3095,-7.2,True,0.3139,,,-0.016,1.07,
t_plus_20_to_t_plus_210,T+20 買進，T+210 出場,5244,弘凱光電股份有限公司,52441,2024-09-25,2024-10-25,2024-10-28,40.1449,2025-08-11,44.96,11.9942,-5.8427,-11.6965,False,0.7206,,,0.0848,1.07,
t_minus_15_to_t_plus_9,T-15 買進，T+9 出場,2383,台光電子材料股份有限公司,23836,2024-09-25,2024-09-02,2024-09-03,478.7195,2024-10-11,410.613,-14.2268,24.0037,10.7328,True,0.9173,,,0.5858,12.83,
t_plus_20_to_t_plus_210,T+20 買進，T+210 出場,2383,台光電子材料股份有限公司,23836,2024-09-25,2024-10-25,2024-10-28,424.4317,2025-08-11,1140.0432,168.6046,-7.1506,6.6143,False,1.1977,,,0.3696,12.83,
t_minus_15_to_t_plus_9,T-15 買進，T+9 出場,6182,合晶科技股份有限公司,61828,2024-09-27,2024-09-04,2024-09-05,33.0,2024-10-15,29.95,-9.2424,-2.3881,-12.9243,True,0.786,,,-0.1093,0.01,
t_plus_20_to_t_plus_210,T+20 買進，T+210 出場,6182,合晶科技股份有限公司,61828,2024-09-27,2024-10-29,2024-10-30,30.0,2025-08-13,23.5,-21.6667,-5.3797,-18.75,False,0.7703,,,-0.09849999999999999,0.01,
t_minus_15_to_t_plus_9,T-15 買進，T+9 出場,1609,大亞電線電纜股份有限公司,16095,2024-09-30,2024-09-05,2024-09-06,45.9779,2024-10-16,44.6981,-2.7835,-6.2352,0.6968,False,0.5163,,,0.2671,1.58,
t_plus_20_to_t_plus_210,T+20 買進，T+210 出場,1609,大亞電線電纜股份有限公司,16095,2024-09-30,2024-10-30,2024-11-01,42.4703,2025-08-14,37.9009,-10.7591,-12.8846,-13.7516,False,0.855,,,0.111,1.58,
t_minus_15_to_t_plus_9,T-15 買進，T+9 出場,2034,允強實業股份有限公司,20344,2024-10-02,2024-09-09,2024-09-10,21.0624,2024-10-18,21.9678,4.2986,-6.7511,-8.7457,False,0.9879,,,-0.08929999999999999,0.17,
t_plus_20_to_t_plus_210,T+20 買進，T+210 出場,2034,允強實業股份有限公司,20344,2024-10-02,2024-11-04,2024-11-05,20.8718,2025-08-18,21.9,4.9261,-11.6935,-4.5752,False,0.7415,,,-0.0104,0.17,
t_minus_15_to_t_plus_9,T-15 買進，T+9 出場,2548,華固建設股份有限公司,25483,2024-10-02,2024-09-09,2024-09-10,116.7283,2024-10-18,106.6147,-8.6643,-5.1546,-9.5672,False,0.8203,,,0.6289,0.69,
t_plus_20_to_t_plus_210,T+20 買進，T+210 出場,2548,華固建設股份有限公司,25483,2024-10-02,2024-11-04,2024-11-05,99.4509,2025-08-18,89.7306,-9.7739,-13.2841,-20.6081,False,1.0737,,,-0.7463,0.69,
t_minus_15_to_t_plus_9,T-15 買進，T+9 出場,8147,正淩精密工業股份有限公司,81473,2024-10-03,2024-09-09,2024-09-10,133.7928,2024-10-18,117.9109,-11.8705,22.6244,7.8195,False,0.7194,,,-0.005,1.2,
t_plus_20_to_t_plus_210,T+20 買進，T+210 出場,8147,正淩精密工業股份有限公司,81473,2024-10-03,2024-11-04,2024-11-05,107.8043,2025-08-18,110.8005,2.7793,-10.4,-3.8627,False,0.5364,,,0.19649999999999998,1.2,
t_minus_15_to_t_plus_9,T-15 買進，T+9 出場,2383,台光電子材料股份有限公司,23837,2024-10-09,2024-09-12,2024-09-13,478.7194,2024-10-23,438.2504,-8.4536,12.4628,8.7223,True,1.2404,,,0.4753,12.83,
t_plus_20_to_t_plus_210,T+20 買進，T+210 出場,2383,台光電子材料股份有限公司,23837,2024-10-09,2024-11-07,2024-11-08,431.341,2025-08-21,1219.0072,182.6087,0.4619,0.6407,False,0.7638,,,0.3696,12.83,
t_minus_15_to_t_plus_9,T-15 買進，T+9 出場,9935,慶豐富實業股份有限公司,99353,2024-10-14,2024-09-16,2024-09-18,28.3221,2024-10-25,30.8454,8.9094,2.0218,32.3388,False,0.5933,,,0.0721,1.06,
t_plus_20_to_t_plus_210,T+20 買進，T+210 出場,9935,慶豐富實業股份有限公司,99353,2024-10-14,2024-11-11,2024-11-12,30.2798,2025-08-25,19.5824,-35.3285,4.3921,30.8271,False,0.8168,,,0.0173,1.06,
t_minus_15_to_t_plus_9,T-15 買進，T+9 出場,6197,佳必琪國際股份有限公司,61973,2024-10-15,2024-09-18,2024-09-19,144.7597,2024-10-28,165.8412,14.5631,-13.5977,-18.3326,False,0.604,,,0.5008,4.59,
t_plus_20_to_t_plus_210,T+20 買進，T+210 出場,6197,佳必琪國際股份有限公司,61973,2024-10-15,2024-11-12,2024-11-13,150.3815,2025-08-26,175.929,16.9884,4.902,-5.0296,False,0.6331,,,0.1348,4.59,
t_minus_15_to_t_plus_9,T-15 買進，T+9 出場,5212,凌網科技股份有限公司,52121,2024-10-15,2024-09-18,2024-09-19,51.989,2024-10-28,51.2039,-1.5101,2.9361,-2.6144,True,0.5268,,,0.2273,1.6,
t_plus_20_to_t_plus_210,T+20 買進，T+210 出場,5212,凌網科技股份有限公司,52121,2024-10-15,2024-11-12,2024-11-13,49.2849,2025-08-26,43.208,-12.3302,-6.6884,-2.5554,False,0.6138,,,0.3046,1.6,
t_minus_15_to_t_plus_9,T-15 買進，T+9 出場,6425,易發精機股份有限公司,64251,2024-10-15,2024-09-18,2024-09-19,57.3097,2024-10-28,75.6411,31.9865,-10.8232,-8.7363,False,1.6444,,,0.41700000000000004,0.73,
t_plus_20_to_t_plus_210,T+20 買進，T+210 出場,6425,易發精機股份有限公司,64251,2024-10-15,2024-11-12,2024-11-13,80.0792,2025-08-26,51.8892,-35.2027,-8.5297,37.9019,False,0.4282,,,0.2734,0.73,
t_minus_15_to_t_plus_9,T-15 買進，T+9 出場,3516,亞帝歐光電股份有限公司,35161,2024-10-18,2024-09-23,2024-09-24,26.3752,2024-11-01,27.0173,2.4345,7.083,1.1144,True,1.6073,,,-0.1308,0.13,
t_plus_20_to_t_plus_210,T+20 買進，T+210 出場,3516,亞帝歐光電股份有限公司,35161,2024-10-18,2024-11-15,2024-11-18,26.3258,2025-08-29,19.8,-24.7886,-2.7372,10.2833,False,0.8554,,,0.2979,0.25,
t_minus_15_to_t_plus_9,T-15 買進，T+9 出場,3013,晟銘電子科技股份有限公司,30134,2024-10-18,2024-09-23,2024-09-24,131.3262,2024-11-01,156.6003,19.2453,4.8387,45.4151,False,1.2938,,,0.4547,1.36,
t_plus_20_to_t_plus_210,T+20 買進，T+210 出場,3013,晟銘電子科技股份有限公司,30134,2024-10-18,2024-11-15,2024-11-18,152.1402,2025-08-29,129.9754,-14.5687,0.3257,24.6964,True,1.0631,,,0.1409,2.17,
t_minus_15_to_t_plus_9,T-15 買進，T+9 出場,2548,華固建設股份有限公司,25484,2024-10-18,2024-09-23,2024-09-24,109.1431,2024-11-01,101.9793,-6.5637,-7.1174,-5.0909,False,1.1892,,,0.6289,0.69,
t_plus_20_to_t_plus_210,T+20 買進，T+210 出場,2548,華固建設股份有限公司,25484,2024-10-18,2024-11-15,2024-11-18,106.6147,2025-08-29,93.4694,-12.3297,-1.5564,-19.1693,False,0.9119,,,-0.9899,5.01,
t_minus_15_to_t_plus_9,T-15 買進，T+9 出場,6706,惠特科技股份有限公司,67062,2024-10-25,2024-09-30,2024-10-01,172.0,2024-11-08,191.0,11.0465,22.3022,59.6244,False,0.5032,,,-0.1795,-2.65,
t_plus_20_to_t_plus_210,T+20 買進，T+210 出場,6706,惠特科技股份有限公司,67062,2024-10-25,2024-11-22,2024-11-25,179.5,2025-09-05,62.7,-65.0696,8.1474,36.0153,False,0.858,,,0.08460000000000001,-4.01,
t_minus_15_to_t_plus_9,T-15 買進，T+9 出場,9958,世紀鋼鐵結構股份有限公司,99587,2024-10-28,2024-10-01,2024-10-04,223.5724,2024-11-11,181.0105,-19.0372,-2.3404,-20.8358,True,0.9566,,,-0.2352,4.84,
t_plus_20_to_t_plus_210,T+20 買進，T+210 出場,9958,世紀鋼鐵結構股份有限公司,99587,2024-10-28,2024-11-25,2024-11-26,180.5213,2025-09-08,174.0,-3.6125,-13.986,-13.5831,False,0.5872,,,-0.1989,6.53,
t_minus_15_to_t_plus_9,T-15 買進，T+9 出場,9939,宏全國際股份有限公司,99392,2024-10-29,2024-10-04,2024-10-07,148.5123,2024-11-12,139.83,-5.8462,1.1614,-2.2005,True,1.0795,,,0.028999999999999998,5.62,
t_plus_20_to_t_plus_210,T+20 買進，T+210 出場,9939,宏全國際股份有限公司,99392,2024-10-29,2024-11-26,2024-11-27,138.0022,2025-09-09,125.5812,-9.0006,-2.2581,-5.3125,False,1.3792,,,0.0897,8.61,
t_minus_15_to_t_plus_9,T-15 買進，T+9 出場,6584,南俊國際股份有限公司,65841,2024-10-29,2024-10-04,2024-10-07,171.9613,2024-11-12,163.0153,-5.2023,-1.1696,-18.3107,True,2.168,,,0.5727,1.49,
t_plus_20_to_t_plus_210,T+20 買進，T+210 出場,6584,南俊國際股份有限公司,65841,2024-10-29,2024-11-26,2024-11-27,189.3562,2025-09-09,248.499,31.2336,5.2486,4.6703,False,2.0807,,,0.491,2.15,
t_minus_15_to_t_plus_9,T-15 買進，T+9 出場,6584,南俊國際股份有限公司,65842,2024-10-30,2024-10-07,2024-10-08,171.9613,2024-11-13,161.5243,-6.0694,0.8902,-25.1995,True,2.0158,,,0.5727,1.49,
t_plus_20_to_t_plus_210,T+20 買進，T+210 出場,6584,南俊國際股份有限公司,65842,2024-10-30,2024-11-27,2024-11-28,179.9133,2025-09-10,259.0,43.9582,2.8249,-0.274,False,2.1245,,,0.491,2.15,
t_minus_15_to_t_plus_9,T-15 買進，T+9 出場,3257,虹冠電子工業股份有限公司,32571,2024-11-01,2024-10-08,2024-10-09,50.8505,2024-11-14,55.7892,9.7122,12.5506,-4.9573,False,1.1885,,,-0.3025,1.58,
t_plus_20_to_t_plus_210,T+20 買進，T+210 出場,3257,虹冠電子工業股份有限公司,32571,2024-11-01,2024-11-28,2024-11-29,57.2525,2025-09-11,67.4814,17.8663,-7.3913,20.339,False,0.6692,,,-0.5017,2.1,
t_minus_15_to_t_plus_9,T-15 買進，T+9 出場,6835,圓裕企業股份有限公司,68351,2024-11-01,2024-10-08,2024-10-09,46.9243,2024-11-14,41.5135,-11.5308,0.8,-5.618,True,1.4615,,,0.0223,1.94,
t_plus_20_to_t_plus_210,T+20 買進，T+210 出場,6835,圓裕企業股份有限公司,68351,2024-11-01,2024-11-28,2024-11-29,41.8867,2025-09-11,38.8058,-7.3554,-15.2805,-17.5141,False,0.2073,,,0.10289999999999999,2.38,
t_minus_15_to_t_plus_9,T-15 買進，T+9 出場,6874,倍力資訊股份有限公司,68741,2024-11-04,2024-10-09,2024-10-11,94.4394,2024-11-15,88.3342,-6.4647,3.125,-12.9199,True,1.0154,,,0.535,2.57,
t_plus_20_to_t_plus_210,T+20 買進，T+210 出場,6874,倍力資訊股份有限公司,68741,2024-11-04,2024-11-29,2024-12-02,87.4757,2025-09-12,76.1,-13.0044,-12.4272,-9.98,False,0.5618,,,-0.12560000000000002,3.33,
t_minus_15_to_t_plus_9,T-15 買進，T+9 出場,4549,桓達科技股份有限公司,45491,2024-11-06,2024-10-14,2024-10-15,146.3205,2024-11-19,125.0062,-14.5669,-2.1875,5.1289,False,0.6458,,,-0.3804,2.51,
t_plus_20_to_t_plus_210,T+20 買進，T+210 出場,4549,桓達科技股份有限公司,45491,2024-11-06,2024-12-03,2024-12-04,139.2654,2025-09-16,121.0,-13.1156,-9.6273,-11.1317,False,0.5692,,,-0.1721,3.37,
t_minus_15_to_t_plus_9,T-15 買進，T+9 出場,9958,世紀鋼鐵結構股份有限公司,99588,2024-11-08,2024-10-16,2024-10-17,217.7018,2024-11-21,177.0968,-18.6517,5.2381,-14.944,False,0.8179,,,-0.1765,4.84,
t_plus_20_to_t_plus_210,T+20 買進，T+210 出場,9958,世紀鋼鐵結構股份有限公司,99588,2024-11-08,2024-12-05,2024-12-06,177.0968,2025-09-18,170.0,-4.0073,-9.9502,-17.3516,False,0.7876,,,-0.1989,6.53,
t_minus_15_to_t_plus_9,T-15 買進，T+9 出場,4549,桓達科技股份有限公司,45491,2024-11-07,2024-10-15,2024-10-16,144.4566,2024-11-20,125.9568,-12.8065,-2.2082,4.1213,False,0.5543,,,-0.3804,2.51,
t_plus_20_to_t_plus_210,T+20 買進，T+210 出場,4549,桓達科技股份有限公司,45491,2024-11-07,2024-12-04,2024-12-05,164.9321,2025-09-17,119.0,-27.8491,-1.5385,-2.5672,False,1.0519,,,-0.1721,3.37,
t_minus_15_to_t_plus_9,T-15 買進，T+9 出場,3702,大聯大控股股份有限公司,37022,2024-11-11,2024-10-17,2024-10-18,75.126,2024-11-22,67.4796,-10.1781,4.4474,-14.7751,True,0.9486,,,0.4899,1.89,
t_plus_20_to_t_plus_210,T+20 買進，T+210 出場,3702,大聯大控股股份有限公司,37022,2024-11-11,2024-12-06,2024-12-09,67.0972,2025-09-19,65.8,-1.9334,-8.6162,-8.2569,False,0.8722,,,0.1941,3.11,
t_minus_15_to_t_plus_9,T-15 買進，T+9 出場,6442,光紅建聖股份有限公司,64421,2024-11-11,2024-10-17,2024-10-18,423.0483,2024-11-22,490.1525,15.8621,28.1899,-17.6275,True,1.7601,,,1.7877,5.07,
t_plus_20_to_t_plus_210,T+20 買進，T+210 出場,6442,光紅建聖股份有限公司,64421,2024-11-11,2024-12-06,2024-12-09,495.9877,2025-09-19,806.0393,62.512,-3.2505,36.0215,False,1.3997,,,1.5419,8.52,
t_minus_15_to_t_plus_9,T-15 買進，T+9 出場,8171,天宇工業股份有限公司,81714,2024-11-12,2024-10-18,2024-10-21,33.4,2024-11-25,43.2,29.3413,5.0473,-14.8338,True,0.9982,,,-0.11939999999999999,0.05,
t_plus_20_to_t_plus_210,T+20 買進，T+210 出場,8171,天宇工業股份有限公司,81714,2024-11-12,2024-12-09,2024-12-10,37.45,2025-09-22,28.25,-24.5661,10.6195,16.4596,False,1.4788,,,-0.7155,-0.47,
t_minus_15_to_t_plus_9,T-15 買進，T+9 出場,8171,天宇工業股份有限公司,81715,2024-11-14,2024-10-22,2024-10-23,33.9,2024-11-27,46.2,36.2832,7.84,-11.6645,True,1.0618,,,-0.11939999999999999,0.05,
t_plus_20_to_t_plus_210,T+20 買進，T+210 出場,8171,天宇工業股份有限公司,81715,2024-11-14,2024-12-11,2024-12-12,38.35,2025-09-24,28.45,-25.8149,16.4902,25.4072,False,1.046,,,-0.7155,-0.47,
t_minus_15_to_t_plus_9,T-15 買進，T+9 出場,8374,羅昇企業股份有限公司,83742,2024-11-15,2024-10-23,2024-10-24,140.9696,2024-11-28,125.5821,-10.9155,-1.7544,6.0606,False,2.0419,,,0.16620000000000001,0.05,
t_plus_20_to_t_plus_210,T+20 買進，T+210 出場,8374,羅昇企業股份有限公司,83742,2024-11-15,2024-12-12,2024-12-13,134.5168,2025-09-25,99.7666,-25.8333,6.2745,-6.5517,True,0.79,,,0.6633,0.2,
t_minus_15_to_t_plus_9,T-15 買進，T+9 出場,6664,群翊工業股份有限公司,66642,2024-11-19,2024-10-25,2024-10-28,286.2623,2024-12-02,250.8385,-12.3746,-8.1633,11.4286,False,0.9803,,,-0.11410000000000001,8.74,
t_plus_20_to_t_plus_210,T+20 買進，T+210 出場,6664,群翊工業股份有限公司,66642,2024-11-19,2024-12-16,2024-12-17,231.6905,2025-09-30,253.5,9.4132,-5.4902,-17.7474,False,1.0402,,,0.051100000000000007,11.59,
t_minus_15_to_t_plus_9,T-15 買進，T+9 出場,3702,大聯大控股股份有限公司,37023,2024-11-21,2024-10-29,2024-10-30,73.5011,2024-12-04,67.384,-8.3225,0.2625,-11.0594,False,0.5124,,,0.4899,1.89,
t_plus_20_to_t_plus_210,T+20 買進，T+210 出場,3702,大聯大控股股份有限公司,37023,2024-11-21,2024-12-18,2024-12-19,64.6122,2025-10-02,65.4,1.2193,-7.7957,-8.2888,False,0.8473,,,0.1685,3.11,
t_minus_15_to_t_plus_9,T-15 買進，T+9 出場,3591,艾笛森光電股份有限公司,35914,2024-11-22,2024-10-30,2024-11-01,24.7526,2024-12-05,26.1917,5.814,8.4536,-0.9416,False,0.3693,,,0.2761,0.51,
t_plus_20_to_t_plus_210,T+20 買進，T+210 出場,3591,艾笛森光電股份有限公司,35914,2024-11-22,2024-12-19,2024-12-20,24.4648,2025-10-03,18.25,-25.4029,6.2761,6.4989,False,0.7187,,,0.26839999999999997,0.73,
t_minus_15_to_t_plus_9,T-15 買進，T+9 出場,3303,岱稜科技股份有限公司,33035,2024-11-26,2024-11-04,2024-11-05,52.4607,2024-12-09,49.954,-4.7782,-2.6622,37.6471,False,0.5682,,,0.08,1.62,
t_plus_20_to_t_plus_210,T+20 買進，T+210 出場,3303,岱稜科技股份有限公司,33035,2024-11-26,2024-12-23,2024-12-24,46.9102,2025-10-08,45.4252,-3.1658,-15.6958,-17.3016,False,0.6532,,,0.0924,2.98,
t_minus_15_to_t_plus_9,T-15 買進，T+9 出場,3346,麗清科技股份有限公司,33466,2024-11-27,2024-11-05,2024-11-06,35.9228,2024-12-10,35.5427,-1.0582,-0.7895,14.6463,False,0.5381,,,-0.0246,0.99,
t_plus_20_to_t_plus_210,T+20 買進，T+210 出場,3346,麗清科技股份有限公司,33466,2024-11-27,2024-12-24,2024-12-25,33.1668,2025-10-09,22.7,-31.5581,-11.4276,-10.8247,False,0.9433,,,0.0774,1.64,
t_minus_15_to_t_plus_9,T-15 買進，T+9 出場,3313,斐成開發科技股份有限公司,33133,2024-11-29,2024-11-07,2024-11-08,16.35,2024-12-12,15.7,-3.9755,-5.7803,-17.6768,False,1.1597,,,-0.9545,1.35,
t_plus_20_to_t_plus_210,T+20 買進，T+210 出場,3313,斐成開發科技股份有限公司,33133,2024-11-29,2024-12-26,2024-12-27,15.85,2025-10-14,17.4,9.7792,0.9901,-11.3043,False,0.8134,,,-0.6420999999999999,1.25,
t_minus_15_to_t_plus_9,T-15 買進，T+9 出場,2442,新美齊股份有限公司,24423,2024-11-29,2024-11-07,2024-11-08,23.9984,2024-12-12,24.98,4.09,-5.0781,-27.1217,False,0.4473,,,0.1934,0.92,
t_plus_20_to_t_plus_210,T+20 買進，T+210 出場,2442,新美齊股份有限公司,24423,2024-11-29,2024-12-26,2024-12-27,25.3235,2025-10-14,25.45,0.4995,1.5748,-7.1942,False,0.8502,,,0.2548,0.94,
t_minus_15_to_t_plus_9,T-15 買進，T+9 出場,6645,金萬林企業股份有限公司,66451,2024-12-04,2024-11-12,2024-11-13,27.8,2024-12-17,25.75,-7.3741,-1.5929,-8.7028,True,0.8011,,,0.9460999999999999,-1.53,
t_plus_20_to_t_plus_210,T+20 買進，T+210 出場,6645,金萬林企業股份有限公司,66451,2024-12-04,2024-12-31,2025-01-02,23.65,2025-10-17,21.7,-8.2452,-10.8358,-16.4336,False,2.2195,,,0.0321,-2.2,
t_minus_15_to_t_plus_9,T-15 買進，T+9 出場,6870,騰雲科技服務股份有限公司,68702,2024-12-05,2024-11-13,2024-11-14,226.3295,2024-12-18,242.0401,6.9414,2.7778,2.2368,True,0.8214,,,0.5797,2.67,
t_plus_20_to_t_plus_210,T+20 買進，T+210 出場,6870,騰雲科技服務股份有限公司,68702,2024-12-05,2025-01-02,2025-01-03,217.4924,2025-10-20,204.0,-6.2036,-10.5809,1.4118,False,0.7918,,,0.6812,2.67,
t_minus_15_to_t_plus_9,T-15 買進，T+9 出場,6870,騰雲科技服務股份有限公司,68701,2024-12-05,2024-11-13,2024-11-14,226.3295,2024-12-18,242.0401,6.9414,2.7778,2.2368,True,0.8214,,,0.5797,2.67,
t_plus_20_to_t_plus_210,T+20 買進，T+210 出場,6870,騰雲科技服務股份有限公司,68701,2024-12-05,2025-01-02,2025-01-03,217.4924,2025-10-20,204.0,-6.2036,-10.5809,1.4118,False,0.7918,,,0.6812,2.67,
t_minus_15_to_t_plus_9,T-15 買進，T+9 出場,8489,三貝德數位文創股份有限公司,84891,2024-12-09,2024-11-15,2024-11-18,28.95,2024-12-20,31.15,7.5993,-2.5818,-7.9675,False,0.9729,,,-0.0258,-1.15,
t_plus_20_to_t_plus_210,T+20 買進，T+210 出場,8489,三貝德數位文創股份有限公司,84891,2024-12-09,2025-01-06,2025-01-07,34.55,2025-10-22,46.3,34.0087,10.4334,21.3404,True,1.5709,,,-0.032,-1.15,
t_minus_15_to_t_plus_9,T-15 買進，T+9 出場,4979,華星光通科技股份有限公司,49793,2024-12-09,2024-11-15,2024-11-18,144.0369,2024-12-20,169.1941,17.4658,-5.1948,45.0947,True,1.4699,,,0.0053,2.71,
t_plus_20_to_t_plus_210,T+20 買進，T+210 出場,4979,華星光通科技股份有限公司,49793,2024-12-09,2025-01-06,2025-01-07,197.3109,2025-10-22,191.0133,-3.1917,-5.7143,28.5714,False,1.4035,,,-0.0604,2.71,
t_minus_15_to_t_plus_9,T-15 買進，T+9 出場,1101,臺灣水泥股份有限公司,11011,2024-12-10,2024-11-18,2024-11-19,31.1472,2024-12-23,29.985,-3.7313,1.5267,1.6819,True,1.7137,,,0.7362000000000001,0.93,
t_plus_20_to_t_plus_210,T+20 買進，T+210 出場,1101,臺灣水泥股份有限公司,11011,2024-12-10,2025-01-07,2025-01-08,29.2877,2025-10-23,22.2833,-23.9159,-6.1103,-3.0769,False,0.8661,,,0.878,0.93,
t_minus_15_to_t_plus_9,T-15 買進，T+9 出場,5608,四維航業股份有限公司,56087,2024-12-17,2024-11-25,2024-11-26,18.75,2024-12-30,16.8,-10.4,5.3371,1.3514,True,1.0679,,,0.0291,-0.29,
t_plus_20_to_t_plus_210,T+20 買進，T+210 出場,5608,四維航業股份有限公司,56087,2024-12-17,2025-01-14,2025-01-15,16.0,2025-10-31,17.55,9.6875,-5.5882,-10.3352,False,1.5119,,,0.16879999999999998,-0.29,
t_minus_15_to_t_plus_9,T-15 買進，T+9 出場,5245,智晶光電股份有限公司,52452,2024-12-18,2024-11-26,2024-11-27,34.15,2024-12-31,33.25,-2.6354,-7.1525,12.6023,False,0.3188,,,0.223,-2.21,
t_plus_20_to_t_plus_210,T+20 買進，T+210 出場,5245,智晶光電股份有限公司,52452,2024-12-18,2025-01-15,2025-01-16,31.1,2025-11-03,22.5,-27.6527,-7.3134,-17.3103,False,1.4187,,,0.0524,-2.21,
t_minus_15_to_t_plus_9,T-15 買進，T+9 出場,1438,三地開發地產股份有限公司,14381,2024-12-19,2024-11-27,2024-11-28,54.4236,2025-01-02,54.3,-0.2271,-12.4094,-31.5664,False,0.9884,,,,-1.01,
t_plus_20_to_t_plus_210,T+20 買進，T+210 出場,1438,三地開發地產股份有限公司,14381,2024-12-19,2025-01-16,2025-01-17,55.9,2025-11-04,36.3,-35.0626,5.5028,-11.746,False,0.4031,,,,-1.01,
t_minus_15_to_t_plus_9,T-15 買進，T+9 出場,4979,華星光通科技股份有限公司,49794,2024-12-25,2024-12-03,2024-12-04,207.1764,2025-01-08,205.2033,-0.9524,41.1565,90.3508,True,1.942,,,0.0053,2.71,
t_plus_20_to_t_plus_210,T+20 買進，T+210 出場,4979,華星光通科技股份有限公司,49794,2024-12-25,2025-01-22,2025-02-03,224.4411,2025-11-10,192.0081,-14.4505,45.6456,70.1754,True,0.9323,,,0.198,2.71,
t_minus_15_to_t_plus_9,T-15 買進，T+9 出場,2442,新美齊股份有限公司,24424,2024-12-25,2024-12-03,2024-12-04,25.7161,2025-01-08,24.8328,-3.4351,9.8532,-20.2435,True,1.1818,,,0.3306,0.94,
t_plus_20_to_t_plus_210,T+20 買進，T+210 出場,2442,新美齊股份有限公司,24424,2024-12-25,2025-01-22,2025-02-03,24.4401,2025-11-10,24.0,-1.8009,1.6227,5.9197,False,0.6855,,,-0.6101,0.94,
t_minus_15_to_t_plus_9,T-15 買進，T+9 出場,1316,上曜建設開發股份有限公司,13166,2024-12-27,2024-12-05,2024-12-06,14.65,2025-01-10,13.75,-6.1433,-2.9801,-22.0745,False,1.1084,,,3.3207,-0.32,
t_plus_20_to_t_plus_210,T+20 買進，T+210 出場,1316,上曜建設開發股份有限公司,13166,2024-12-27,2025-02-04,2025-02-05,14.1,2025-11-12,15.5,9.9291,-0.7117,-5.4237,False,0.3254,,,2.7806,-0.32,
t_minus_15_to_t_plus_9,T-15 買進，T+9 出場,2528,皇普建設股份有限公司,25283,2024-12-31,2024-12-09,2024-12-10,34.2559,2025-01-14,33.6542,-1.7566,6.516,-7.931,False,0.8469,,,1.5714,-0.79,
t_plus_20_to_t_plus_210,T+20 買進，T+210 出場,2528,皇普建設股份有限公司,25283,2024-12-31,2025-02-06,2025-02-07,34.7287,2025-11-14,28.4719,-18.0163,-5.1887,7.2,False,0.6148,,,252666.0,-0.79,
t_minus_15_to_t_plus_9,T-15 買進，T+9 出場,6546,正基科技股份有限公司,65463,2026-06-30,2026-06-05,2026-06-08,68.4917,2026-07-13,67.1,-2.032,10.1429,3.3512,True,1.3231,3.397362,0.0,-0.0759,2.73,
t_minus_15_to_t_plus_9,T-15 買進，T+9 出場,5289,宜鼎國際股份有限公司,52892,2026-07-01,2026-06-08,2026-06-09,1850.0,2026-07-14,1445.0,-21.8919,2.8409,81.9095,True,0.9389,-1.911637,-0.554592,5.8311,21.72,
t_minus_15_to_t_plus_9,T-15 買進，T+9 出場,6187,萬潤科技股份有限公司,61876,2026-07-02,2026-06-09,2026-06-10,1120.0,2026-07-15,1080.0,-3.5714,-7.377,81.0897,False,1.0855,-4.397995,1.018279,0.43770000000000003,15.46,
t_minus_15_to_t_plus_9,T-15 買進，T+9 出場,8096,擎亞電子股份有限公司,80962,2026-07-02,2026-06-09,2026-06-10,124.0,2026-07-15,146.0,17.7419,29.515,70.9809,True,0.693,10.843819,0.0,1.545,0.89,
t_minus_15_to_t_plus_9,T-15 買進，T+9 出場,6584,南俊國際股份有限公司,65843,2026-07-02,2026-06-09,2026-06-10,661.0,2026-07-15,666.0,0.7564,-2.0558,72.7979,False,1.1019,-3.894654,1.051704,0.4697,5.59,
